x,y,z,w
-0.058361215695094774,-0.1419132179280313,-0.14142266621717758,0.10373713556674667
-0.13515027153682824,-0.257362183202178,-0.1679294670647508,0.7413266497323576
-0.1902721252391338,-0.4795840974476146,-0.2379301986035857,0.1806136709834996
-0.12468343753925695,-0.8638542094298617,-0.12439312740719274,0.10498756636301212
-0.2924575998658609,-1.3174045358307889,0.0950426225842395,0.2749227751812172
-0.4628543735749791,-1.4825379965808931,0.10128750925259253,-0.12061027806445125
-0.33813832525116416,-1.2108430720938568,-0.07338975861724333,0.4418552807534124
-0.15707856800591646,-0.9101118549814576,-0.15198457702044554,0.5460572944503426
-0.043401827133739024,-0.8747195720630632,-0.11039593665497817,0.16784319061738925
0.021483242904452138,-0.9412788598471172,-0.06405816091436578,0.030751528100203762
0.019810959314391148,-0.9315099767643726,-0.057188004260399564,-0.017775928771411667
-0.04619647659568593,-0.841364967740776,-0.0043259408187622285,0.06266286291427109
-0.15072713501113308,-0.7152088077202694,0.11211165014321067,-0.09408444980984272
-0.2813529572009645,-0.5865343427922203,0.11696271697005615,0.03891538422918429
-0.3727412958728778,-0.4859834762450661,0.060081073683966514,0.04726907858040875
-0.3201095962143624,-0.4235758200756713,0.06021808987164104,0.04378336684038673
-0.13151368236373112,-0.38251516084254256,0.01799014205219148,0.17323139156045025
0.055194031124922674,-0.3045659882819847,-0.041698630290131294,0.06368117651079165
0.12975736116398212,-0.22871057863020985,-0.028864497583713636,0.02175852614528072
0.174161641487641,-0.288452040177846,0.0068776287835107565,0.0030758852536286194
0.2136069925878683,-0.4953993543115154,0.01066907298541521,0.0
0.026007672856417263,-0.7381659177780254,-0.011160571715650491,-0.004141715487037482
-0.2767618736456087,-0.963042983864077,0.003204668429414838,-0.06321974670017999
-0.4641683530745335,-1.1215760663512129,-0.00020669617634939963,-0.02796841245227864
-0.3186790264682701,-1.3179932658054088,0.03804348011947262,-0.2652472461387204
0.08263072128242854,-1.5243962922344834,0.024678440821951603,0.6436191348472762
0.3705593738441737,-1.7236261223232825,-0.05341794452995921,-0.37305608186742695
0.6218048703146496,-1.8452514082386933,0.04669332360014532,-0.631864032796694
1.274291947230784,-2.093699133299905,-0.015003200870148559,0.7895527553912959
2.1132079654808447,-3.5202026700531936,-0.570715757184563,3.0811060754026385
1.9871810204632012,-7.97011107264596,-0.8994251429008633,1.1191845738800992
0.9658018359830706,-15.717673826097114,-0.679706266277605,0.33249304243409383
-1.1086489461706142,-24.19228835509984,-0.4208651432190356,1.7889717661653075
-4.998699996122358,-30.66647476039577,-0.465807921196311,14.701462876434288
-12.723881913974287,-33.829959249094884,-0.4559389158906378,29.171200226303643
-25.1514814625583,-34.66248809629906,-0.2863029584933389,3.7864722453625568
-39.65084089787345,-35.68944501273373,-0.910285916188096,3.3489142397946945
-50.05821237590281,-39.550632057284005,-2.0041942419975256,9.794057468219147
-45.86325684350295,-49.46008995212691,-2.3213108890185703,0.7692064688053541
-19.1268357585028,-71.86965519573727,-2.052268910198407,9.565281589404814
12.861799694835856,-117.29484497865472,-2.5265568375364067,46.943406267290634
3.9090785352690385,-191.72303013075538,-1.6609151637566748,45.257672728824474
-65.37460712991904,-280.16269700386056,0.4349806020203541,0.9621357227075852
-110.25700726841377,-347.1573126956772,0.7915928061155865,-8.634964667464914
-21.50625814587188,-374.90504919115074,-1.3590213372412467,-132.80726943333636
130.41816971693012,-394.41415396952317,-4.571921297923968,-10.521598287389423
78.96251056766056,-398.99652446621695,-11.00185787664592,104.54898166731114
183.0953859268432,-446.4779839086131,-4.213523675711381,253.33932842374568
89.67687734876097,-528.0672797413973,3.164751248198936,118.2735700110823
-204.55572833435562,-619.8252261454531,6.884125684901942,44.520458354291925
-540.2818163744428,-698.1691817001436,-17.558513017444188,175.75575286286556
-862.4423762707991,-801.6608595154355,-79.95152586485801,-88.1878985287776
-1413.1723651196949,-1009.9687860298973,-136.07251931425242,205.26907605849442
-2100.0797184579387,-1343.5881872974585,-137.21189111223075,331.85176128618315
-3020.688666578697,-1723.4344580809375,-88.72037344646722,-28.17396003258183
-4728.6196369439485,-2014.0353518200563,-49.611120782615814,-173.33614044848582
-7062.0381463139465,-2131.1463808579783,-51.924893166332815,-223.26924779907714
-9350.388994349778,-2106.030878421944,-65.83704520590427,-470.35695575004064
-11136.030298932683,-2026.8993594295944,-80.22329359839875,-519.7756319416052
-12062.144441409111,-1985.0297182115287,-124.61063124243557,64.19018224815045
-11967.51695337556,-2056.6544924215555,-231.77073553785675,-71.80754554404194
-11649.685749692047,-2284.9964421497243,-394.4452844323677,270.5543140623348
-12276.265708309504,-2655.148901197131,-512.2727822987622,467.5040413997435
-12984.941033424855,-3067.8933250614928,-441.8711851900292,-333.95800738750575
-11797.298741529974,-3364.4859978760246,-187.59193821285882,-617.4575406607274
-9024.432334618885,-3484.238850595903,36.6578503656011,-492.05536089866376
-6471.3926773950525,-3582.0689964740973,53.53293708037363,-262.2608362170048
-4986.296934098689,-3863.9984621283643,-81.19024519088386,750.9036521274753
-4985.441569682365,-4293.618848366061,-215.62037208018955,655.5597438753002
-11640.49358273151,-3753.1544339893453,-273.80599245010416,32.301687084944966
-10434.340443041536,-3665.0539111329945,-171.00535199577874,-477.37819636258035
-9859.5969122624,-3332.0147345047967,-124.50220369493252,-258.7496181875581
-8242.10265278627,-2859.6756685939736,-112.80677068649729,43.25719242780143
-5437.000006664732,-2545.3374139263024,-164.9797420164661,-12.32124156965795
-3647.2271869824535,-2610.583560070773,-333.7860424310533,212.95984507424208
-3904.0190037261664,-3046.4561636782273,-539.5223081332722,494.4397002822323
-6027.87652498655,-3623.6779183021004,-532.1107112036419,327.3248223263994
-9421.13654835262,-4028.2572933631486,-327.3724037002001,-231.75642581984252
-12740.62451648262,-4095.440900148217,-176.04703956095088,-232.7146205047476
-15182.872938905495,-3875.540398764896,-176.53571166534644,-387.69211261196233
-16698.419083476325,-3510.568563426427,-176.88074448583717,15.960126234735071
-17407.878241851133,-3137.215595986276,-105.2804819832724,252.32211845817784
-17382.87236321369,-2866.3270256202886,-205.65434852615402,-64.30638762411616
-16940.518098055192,-2764.746878058933,-547.3537489039745,-52.672716268176025
-16445.45033129317,-2824.591735914187,-810.6771507987507,-29.540350780821925
-15619.286284973681,-2945.5166583833693,-791.6549955448604,-275.7766801754057
-13637.154537714528,-2998.988958366648,-542.0691895158017,-200.91872904355145
-9817.324067702155,-2985.724282030192,-201.67633571985039,-69.91961424446302
-5270.688196599427,-3109.1653724781604,37.300216918069694,-40.739278322585335
-2219.030497702558,-3544.867827905766,56.60388944832727,105.39725907384151
-2161.6150010826705,-4140.862570728111,-101.4028681094791,17.068440865452832
-4796.385625631652,-4486.139240832044,-335.04775049139414,-129.17364035752323
-12296.622968113472,-3532.934742358921,-419.66051464723205,-107.77277664649885
-11243.101849494693,-3120.675472507775,-266.43803818761205,-33.77309269036381
-8045.395554244341,-2559.404817506864,-121.8074312657674,59.80789983673419
-4030.200172562932,-2192.1044068734172,-78.19890905893898,-43.426354353465044
-2055.46159351705,-2233.0854062250255,-206.01723578373782,-59.49063144438223
-2930.2657335520366,-2536.970561645768,-425.45674018596924,29.26841499504704
-5617.561295261351,-2747.9292142211802,-534.6833510957729,-153.28322509378728
-8281.830372263059,-2713.5202057082347,-431.17645806962327,-274.4254855545073
-9588.31014732855,-2582.764153045008,-229.3675669229219,-138.71879212130554
-10027.96500496568,-2488.408013272004,-106.10699414519516,-47.92596911294496
-10583.012617384607,-2381.851022506616,-90.82444682459395,66.41978765320688
-11637.04164875222,-2196.0541441977266,-97.6994782576805,72.32996827267431
-13070.732505320058,-1955.9586022227757,-129.35126306719982,-10.717060383321787
-14472.372711388867,-1733.4133038233808,-221.0957783008728,4.738093644222562
-15068.74654066018,-1572.2725158419066,-357.4476075876729,17.659400855366297
-13906.447816554091,-1470.4654554418714,-468.9692429905875,6.036351551084894
-10778.297403117886,-1431.443884487718,-474.48956684515883,44.597803333524006
-6950.193128024685,-1507.5861173020826,-357.0941455895485,86.07836932690405
-4526.076427567238,-1736.012682876111,-145.8587727814509,-32.931989605025
-4291.534199376103,-2034.9037819368705,28.859941886229528,-64.28707911527704
-5186.431669614687,-2204.10880907867,44.74202323475632,-148.658883158718
-5747.230748513622,-2106.632041139604,-75.69766705752139,-77.63052301793661
-5509.6022441095165,-1820.5922753935893,-215.5584591709646,28.18403063841564
-8431.078484438855,-1346.549449183894,-238.2875971445441,47.00935396742706
-5194.211535461783,-1125.056994251559,-120.80231397000586,62.3377798373954
-2892.776736249852,-1051.1510619135408,-63.22264191473954,34.87382476808255
-1989.4831982066974,-1111.8619112219003,-77.04166490482405,-4.895542971399611
-2768.618809380056,-1183.382895935647,-146.56275543396904,28.355721369319664
-4977.178283471281,-1167.5853546179167,-238.42051777187942,-47.89643087482092
-6683.096395695842,-1097.0015636593218,-290.05055260171804,-112.97554327631387
-6866.1364655058105,-1066.991372006609,-239.48773735919102,-16.737632701155533
-6820.8475687460095,-1094.4234706696436,-130.7750055188528,10.294491386224546
-7782.096264903548,-1108.5276864136329,-63.19137558710271,10.06042416266277
-9748.246980793116,-1048.084143160073,-59.041963717498426,44.57608975006404
-11996.723787575336,-920.2518632837593,-67.46232785000322,18.874966782430803
-13752.237672271458,-774.745423513144,-72.31941376924924,-4.953818622408626
-14257.891328001584,-655.2869450126686,-109.62818670340108,7.802882664629169
-12877.486711187366,-583.4114847682227,-180.02212994601794,33.06349696844013
-9779.333142045998,-566.4519857845793,-232.31637035084117,-9.284451155454821
-6519.542946478775,-605.2997635069181,-228.7389167047013,-7.692071439234795
-5117.923867365756,-687.8333593295839,-163.1360873150521,36.18641845629661
-5727.307373488313,-773.4089969126672,-61.24628009045127,5.384445912221366
-6856.473469103408,-811.7160249133882,10.933816119884712,-6.173931100563551
-6703.631296654167,-803.4178004993954,14.911877425985697,-9.205824915381967
-4615.738021869456,-798.4972360437885,-21.59746273302279,2.778229023983023
-2720.5864081535588,-827.2938298797528,-55.3541553702841,78.84551648804097
-6328.565815008031,-735.2204400238406,-73.30122778522549,58.517104979678834
-5342.299124164133,-733.450689484369,-47.34135035920145,32.56003097261079
-6419.344729609316,-718.3741908306803,-47.07505098997348,-54.6374761610195
-7435.481155445196,-667.617832172491,-62.28400318620982,25.96986782816237
-6961.84527133538,-594.4357998024982,-82.52976200596919,28.867178294307656
-5373.978165619956,-552.7512714689765,-112.1228678150082,28.379230074911355
-4846.597599802921,-576.1760594214742,-134.45800568668338,69.47889032772456
-6880.040791272278,-631.8896894356861,-111.32523701501152,-25.53488175699781
-11164.340001450522,-661.9534609117321,-60.642328372455815,-46.83545204625097
-16396.326081369,-638.3420617168092,-29.08205826667271,-36.82927554076108
-21025.689909496148,-570.6663838165988,-26.292671240045447,-35.016763578258306
-24336.422554714965,-479.86616377014224,-28.477680475772843,-53.16215953188917
-26233.712056641776,-385.3599528078285,-40.11304069523989,0.8112402719173629
-26691.591343041688,-304.84469472166074,-79.23177815387663,-10.154037604644637
-26064.90589490839,-245.56913492234932,-110.70795995415556,-24.15522934776405
-25488.238307762334,-203.5312534956823,-122.69831853052679,6.025071733147569
-25108.967443484507,-177.00823221505792,-120.00718939066635,-38.323953732590056
-22728.221204357782,-180.95847359317517,-86.12334407329382,-35.67764486144218
-17094.617707317033,-238.63010402000594,-33.3857776149844,-29.669999578380235
-10170.653268610278,-337.42257323142906,6.395028185847343,-29.111768270408344
-5617.088953452749,-418.05196641629686,9.781857913642394,-28.078697666583768
-5662.240310138393,-455.6499337422808,-17.608838330780692,-30.81783655591675
-9302.998221749753,-485.6258190260717,-61.53670937792214,1.7734204598693137
-23286.95196853101,-438.2725131332329,-76.2282714043453,8.089242990030371
-21148.559630412565,-443.5184575918012,-39.02780534510187,14.076522425128546
-17283.167035476614,-445.506965689941,6.856009072571673,-9.819150293039275
-12296.2139029549,-455.6657918250552,16.69335925383239,-0.5185068316710808
-8163.911955808096,-495.0586645434297,-43.836261014187095,-12.005276005842061
-7923.229634626469,-550.5658408269022,-122.70453754666995,34.21014363529892
-12969.239572786455,-588.2823155755273,-160.33044010496945,53.43989771357194
-20597.09125836499,-606.7560062885303,-131.75105899115624,-48.69454274589236
-26865.371347778088,-617.0950228559448,-72.64378229504864,-66.28492728999963
-30714.8230449378,-603.467114400521,-34.98002224781943,-36.251645837659844
-33483.951528579484,-554.5333775080509,-31.602367346084147,-5.2707441953815755
-36160.65573614423,-486.86734179862066,-39.31777997948553,57.72035877379775
-38855.07233924207,-424.1196079499996,-60.64772944345904,29.0516347662709
-41164.09802737713,-381.9456034764807,-112.80474809169,-4.959520579865744
-42151.89795564104,-369.06860891828967,-185.82903111053471,13.621338843044526
-40197.70091483982,-389.477530313104,-243.0587064324168,-12.272806450361022
-33963.32323424381,-435.1588349960303,-226.83437051038948,-80.01002289268058
-23855.3030170942,-482.159533958152,-153.07327825975045,-19.96632434241853
-13584.985044086634,-507.4785471158554,-57.32425151048235,8.916302368651062
-8865.858142898625,-522.8687698259781,10.788265769098256,-13.79506162303363
-10836.558670717584,-564.3810810939037,16.811625808122187,-13.888726097482731
-15257.814932803602,-639.1887743917374,-30.43866830603271,-138.44847677639208
-17699.49592000063,-709.6708148566893,-88.25339139135939,-148.87749892201566
-26725.043909727134,-611.1346826869025,-80.58378946293908,-35.97780740647456
-16245.056266600413,-592.4320709202902,-8.635029193069757,105.920421592311
-6777.853406254433,-556.9892619993202,32.83819692173219,117.86131281835337
-3482.626291605753,-539.6974973449765,-15.15048419594682,-22.76497291751106
-6613.114989676256,-560.701087689064,-101.37547235316393,26.008591396201957
-11746.417442551367,-609.7255213039583,-148.53719832965157,-71.01670193525734
-15851.90367866046,-666.8320776564016,-150.76264348844168,-170.41509734161448
-17795.257318681084,-722.3449310128377,-116.80394937310992,-53.74887635103203
-18721.306189800616,-770.7550247008974,-63.08452794579065,-4.482052036742172
-20648.368676225047,-801.6003289007118,-31.130986092555236,-8.411221943035876
-24234.426918847133,-804.9141969582347,-33.24903968257972,51.07504215031786
-28878.98327286922,-775.9992359156814,-52.29021225879406,-36.04842814209741
-33311.74910332886,-724.9499962775577,-76.68999221403362,-99.53979727730714
-35849.98946531619,-675.5895405284277,-89.25606792680618,28.23639033569098
-34433.90619664034,-647.1093309217947,-68.16164543031402,11.357221056913607
-27788.545456653454,-639.765552647719,-51.56556665064933,67.32175523928747
-17720.131814579632,-637.6213144915694,-96.74176751026224,250.59724616004533
-10001.409108181278,-635.8059016248988,-114.82082451817446,43.010805175822064
-8663.894416167253,-662.4215593651411,-56.20837456664646,-127.12051457871219
-10681.59081455958,-747.561462752488,11.698084560374873,-152.73446408971554
-12057.086480693892,-871.0569270070441,17.02832184022035,-239.863873159339
-10965.234971216638,-973.4783444935808,-23.321566568325647,-61.468965589326245
-8109.875390390705,-1012.045192145136,-56.884561153355634,186.03758044016263
-12731.512428783091,-847.1407677171668,-87.36545701683724,125.9455733547993
-7790.075072875053,-809.8339733396249,-72.49780475499985,39.90153868436101
-7442.531648939826,-792.7632019502121,-72.49019163064524,-47.176289690446005
-10005.244459350428,-825.0077666118145,-75.23970398049313,40.975229811297005
-11956.655457376946,-888.7372842385263,-70.00252512115347,75.06300349991446
-11473.170323723612,-964.7963850021706,-98.50194592273752,10.688072431768695
-9006.20922967568,-1050.1680962068317,-159.91194779380282,232.3901562440908
-7850.536767500153,-1136.2319890133172,-161.2933846264549,231.44852318165317
-10306.199180476631,-1215.0531031275973,-101.15116215472172,-33.32381220678933
-15835.193016023557,-1276.435690776321,-56.39530984455959,-81.98475139597174
-22081.540435167248,-1317.7216567084304,-60.19919462797361,-176.39991524569248
-26657.446898337315,-1333.3503090153615,-61.59560340493806,-132.67098487468243
-28164.895915506408,-1327.528538512277,-16.084006382560947,43.879296539253374
-25729.093260454247,-1333.3109405126388,24.272778669886875,-31.182850476416693
-19382.691319860573,-1390.138633272777,-51.163971590645964,-56.20957432123677
-11792.886244264217,-1511.738324326125,-250.3177251686179,12.328418545594232
-8050.944841986668,-1684.5584180460417,-360.71793338791406,-84.04348679092266
-10171.067474345018,-1894.1205859262625,-273.8176980163179,-138.6160599856651
-14078.206722518282,-2150.7739893854014,-100.9443955268158,-127.59686937395523
-14620.128011596611,-2444.8495729253,17.84174402421777,-79.99570975589872
-10464.271542666147,-2670.291306167196,25.19067003732122,66.6226096040599
-5544.5440264002145,-2752.6236885244502,-44.80899459157839,270.3709678696288
-4097.422608791471,-2800.3980535574915,-170.01318535569212,130.0475944220879
-12477.203109315848,-2511.7144787459893,-239.88074147334686,-19.562656168774296
-12111.448920289371,-2537.4923937434132,-161.90065406052324,-82.4078436048265
-12349.677488914695,-2625.009665581209,-63.90609024895888,-101.505324996137
-10929.70430241165,-2703.7422754622576,-37.580700141759365,25.756621899361026
-8740.344707965782,-2762.210145094925,-148.71916674582158,0.5669004936555666
-7984.118014440937,-2954.0910063729775,-354.87292878926115,118.98065689605879
-8462.38719219118,-3461.3338643700085,-481.9667089144133,218.44899471159283
-10439.030918748293,-4224.941718233602,-420.5937313725906,-1.4115306380755896
-14865.938742652137,-4892.913540078008,-242.3307806860579,-205.69898946933532
-19775.380790114017,-5120.925089834478,-121.66200860178006,-142.02677462898043
-23092.418421028586,-4903.33863311973,-112.50139062630915,-107.54167827820429
-24604.499370926802,-4453.777792663715,-130.55925686416091,185.45175580502547
-24611.97162965644,-3982.661713269925,-177.57408296161893,207.7044617564821
-23556.683961914445,-3666.560000453396,-360.69141221770445,-32.059787297950386
-22705.94171684071,-3666.5237806770283,-673.8460285230307,38.3386002487889
-23200.254304467304,-4106.232685116211,-882.5644274407293,-48.08037831918705
-24013.855293158857,-5116.15622142875,-846.094028897651,-245.58586196141397
-22126.211951723926,-6833.776074343656,-619.1466967087749,-83.50435172608191
-14977.72425857611,-9217.267636815877,-248.05524159134967,14.930443807129539
-5610.2475854702225,-11651.0557557725,48.18052879233098,-27.461316125773514
-1709.540832929757,-13124.42832772768,74.22015674297347,167.199018411076
-5072.449935760284,-13497.524527080186,-130.31028874559186,0.7038075914123283
-11164.07551012839,-13550.542936543621,-421.7480621804168,-348.74442708997253
-24253.737608937867,-11275.38929135311,-542.0458685296257,-276.4948998865956
-20537.097579817804,-10550.833941023133,-357.0774976779496,-52.26206391706234
-13102.56199141104,-9774.49993197892,-102.2015182444325,367.92063124174973
-5130.724051628507,-9424.036928165257,52.255838324821354,-135.76661647242355
-1724.9725051476862,-10247.348982570815,-303.0381480011797,-62.75442775049975
-5770.2301888854845,-11984.150159661493,-828.7068052502342,-60.310940245718406
-14122.624275575332,-13520.88006949961,-987.9741147253868,-691.9715672095206
-20463.13361723601,-14256.110581538933,-770.9999704181485,-1219.6842813265373
-23429.1614700215,-14543.053190425515,-410.9400566399674,-463.58629935594985
-25846.762952929144,-14829.772047123113,-191.04004443011112,-156.67625653510441
-29251.941984612346,-14917.986162682168,-176.41634506207615,689.7114825036953
-33815.492995673434,-14479.898329534088,-270.47312836133995,217.16014671709672
-39126.138420665535,-13650.911984864098,-439.1564398421933,-392.4718556456578
-43994.40756362102,-12881.371346142128,-574.2087729870676,84.1283080490065
-46571.59638799209,-12533.937625064444,-638.4993598515588,247.59583949789982
-44731.122447622765,-12661.60076813441,-771.9948202448586,75.5729408034667
-36373.32193537072,-13111.79479649676,-987.9385220204136,98.32728940083824
-22936.98810550565,-13882.011837602964,-890.3516378238403,652.0745184739119
-12969.574537849305,-15198.819230156329,-391.36553637672205,-296.35595664042813
-11738.536880148027,-17066.227612994968,79.02135396279982,-926.401309780146
-15347.742664086247,-19053.45709805152,116.9292771106336,-1854.7623863266888
-18903.978752636747,-20508.562482109217,-170.09757297048884,-2329.443318447737
-20211.053563094894,-20884.8498072904,-409.21295595542574,-521.9480609975203
-36197.99870824634,-16976.40902118538,-542.8346923811911,407.4242478112653
-26325.296133300923,-15632.72102520725,-315.5322026265393,1487.659504225219
-20137.63613601017,-14537.601199962439,-347.9241174679491,1193.5783581499013
-19772.54160693505,-14495.843386239456,-487.43097917335695,6.367346296725515
-23090.130387332378,-15606.337284506855,-683.2389876524375,1207.0336591005341
-27980.296816703456,-17103.698244548592,-1153.7248642479556,-1559.8171624278632
-31131.389894056312,-18117.693124760917,-1519.7825269524994,-2314.69287873138
-32271.88625180132,-18448.20140291709,-1326.8849970964345,1667.583861111264
-37353.648463889236,-18657.389653356116,-768.4725166119607,737.6352842953203
-50060.04909925568,-19062.582328031636,-395.527018119747,-273.6231154034803
-68399.07460105284,-19141.971841029863,-389.81899044338434,-937.3915005474257
-87276.87749734438,-18389.484860411798,-492.7313148378286,-3820.4025720760496
-101873.84472085901,-17008.55198340097,-612.7321526109181,-2889.594806400224
-107529.57125423565,-15619.776400808045,-824.0354911967605,154.3484566856189
-100385.23404470288,-14668.666944020988,-1244.4110892517594,-1369.9901144559012
-82305.44285110598,-14151.24611412545,-1797.6164806120976,1730.2096030984094
-63670.26655482174,-13859.035519003235,-1996.3022656612436,2717.6596107404685
-55189.80954019407,-13877.441325131631,-1530.7581305974002,-2066.501860218611
-55769.37712569544,-14543.974445334043,-607.4777125875996,-3152.0101357412077
-56339.666415144304,-15742.616828291038,115.75482786885,-2430.500466534252
-47675.57089454609,-16736.338468422036,173.27801052899963,-1962.2514050784887
-33440.68242014581,-16685.078310403882,-297.1509932657082,3088.4184603752838
-29044.377342700136,-15620.945413906968,-973.4584479356447,5198.900311715102
-60722.79726244787,-12426.282957778389,-1312.1770549477915,2166.8171629586145
-49071.87908312398,-11251.30921083633,-909.2923307248833,-952.1803806977566
-39523.26374099134,-10805.17396198284,-554.9454871285124,-2690.2402478839595
-31542.85661162461,-10907.750095615107,-482.74850894016953,971.6714390911844
-28685.66790846772,-10787.662152722169,-860.6721913131122,504.95523784447767
-23527.118334895626,-10293.469922320704,-1651.4988519702995,2061.3582322544394
-20497.26352979397,-10140.137050896401,-2227.6460322196963,6432.095705922679
-32871.040853967366,-10768.355851968732,-1950.1010517423485,2072.7476609608552
-60406.23414180125,-11763.00012989775,-1116.8969517114454,-1883.186010164296
-91603.55178267932,-12423.753252354873,-563.5474893455159,-1903.763625896408
-115261.91568075375,-12311.249242977388,-539.1797561215835,-2960.519371097905
-128497.02178931607,-11457.650843289382,-620.7794841327577,-1154.9959317349976
-132471.17747147905,-10314.06681291406,-736.8823706687793,634.1838895991733
-128341.85096181039,-9400.219738506996,-1191.4154702878227,-715.5501838602789
-119844.57847855047,-9062.103805498966,-1975.925218670256,-1575.1621441825284
-113686.58253656571,-9437.803418347265,-2653.0414256514205,393.7526262678789
-109544.14343469276,-10552.607302424616,-2748.6308783531367,-3382.217633177603
-98050.65256762788,-12312.402761554837,-2047.0394440618768,-5649.307360675356
-75715.0196347122,-14204.11533580072,-817.5672352209178,-2433.8718482267363
-46946.194840008386,-15421.839925760481,158.80629952668582,-810.8045540600094
-25220.486957620495,-15992.08880210327,243.38670379784543,3885.6358651813593
-23961.923758429413,-17203.415149205037,-417.1694554196293,5960.970044124517
-40024.07169314177,-19867.094739317337,-1309.2089590031876,-153.262409555683
-95682.56246562123,-19202.56619236654,-1671.1096636761836,-3134.987766650941
-85276.52835809144,-20408.661457951788,-1085.525483722841,-4526.8528644076505
-63864.185920418524,-21031.67689366425,-703.6578795019043,-959.5715546563383
-36453.45049094835,-21292.24395652948,-650.3199418041781,-904.7949213507924
-19488.61879377844,-22430.371839015825,-1120.6479619652941,-1761.9210857990179
-28145.690577486625,-25037.965855651983,-2016.1673544650669,1101.6775251770914
-49055.45219360618,-28086.903827576738,-2443.761491995153,-7230.365246907075
-60102.14607783218,-30067.275673190048,-1929.7685232266906,-9555.37808778197
-64097.85895599365,-30587.570837516494,-1010.7552539128552,-2782.3409175262377
-70022.3658992447,-30443.29130382957,-455.41005664105865,-200.3695788580719
-80550.81381123044,-30087.722209100742,-373.27545242088445,4426.985053047542
-95569.68457908754,-29348.945663817733,-476.3654894612178,3126.093452001839
-112010.26359437953,-28375.667012200185,-1091.9404562155355,746.6355497297474
-126118.29242236509,-27886.81521771476,-2167.619120404136,477.53078673593865
-133517.46947538728,-28601.630581628935,-2532.816013713525,2446.107734992539
-130304.1919743756,-30645.64008862772,-2266.5293560302025,-946.5101952411453
-113536.41110300635,-33521.11042530148,-2476.7267408119087,766.6629195969313
-86775.39739516747,-36708.56923794712,-2304.999012594529,3653.092408471234
-53865.102996799316,-40238.03103249669,-1052.9865436633306,1990.3539144195968
-26734.25260582671,-44236.64199621025,221.33108792882402,8.026422579117508
-28084.164219453287,-48354.6911295784,345.8668066968334,-1523.280508823597
-53894.74799249215,-52044.143227986046,-551.5870082038517,-6792.086073524924
-76115.15519334556,-54499.91635515122,-1529.1130419416675,-7181.510216299464
-123357.16231493233,-45119.70118563042,-1886.034123689444,-2211.482677868361
-84155.83973733487,-41972.99951366805,-1181.7242661694333,4079.4039317780334
-41626.146672339484,-37417.12928645492,-624.8073581945197,5014.221049656409
-20610.11650331301,-33169.3405192793,-625.3063758326938,-744.7256346556544
-26712.55901098811,-31782.24252804175,-1207.5073400281474,944.9136524678005
-46898.670836411446,-33915.8778058787,-2058.7406272527523,-2366.620747114317
-66907.4588330291,-37028.02632380599,-2513.1671550450883,-2125.26797339428
-74965.02019027766,-38288.94688986137,-2047.2239701322867,938.8522697998303
-72199.74945225866,-37224.24505598456,-1103.1036904546954,492.0015937251667
-71603.4712517825,-34784.010180221376,-524.5784693547203,54.29107014540966
-79920.38032964719,-31654.822445493468,-476.887316206751,630.8812297874098
-94395.64845523416,-28101.61681469447,-564.4352329898978,-1014.5882561402935
-109463.04342556564,-24581.28478548145,-754.2594379860727,-1609.4487772839527
-118739.41399977564,-21746.6937389408,-1185.8538761630452,330.05705230100983
-114283.7347771552,-19930.187024749142,-1648.4561194947494,469.05186136719084
-92516.386018503,-18836.08395312561,-1962.0077324833364,327.3463468917526
-62536.705660400155,-17856.39398350077,-1968.9524128781554,1197.9053983851961
-40595.49769109262,-16871.430892468303,-1469.373138784636,2030.8000891632776
-34944.791206168295,-16832.503167394356,-585.873789075678,-160.46806383682474
-39931.79482246717,-18647.12181322937,112.26754774561304,-1071.8389503792666
-43508.666799744875,-21407.21337743201,166.8294092017265,-3080.9117986212004
-38486.39240609855,-22820.18768348331,-269.60835624798693,-3190.411810808764
-29640.990859811787,-21805.48810252252,-765.0688304355342,-191.0214624820485
-45594.68830048655,-16522.518783383468,-881.6379662020911,1350.2150730413475
-28051.13983193241,-14157.121543283803,-445.67300989158537,2818.4556248024796
-22125.11880989144,-12645.350363581656,-231.8113289126603,581.0655673486697
-24472.32777330612,-12585.936753478698,-350.27335950635023,241.7650122202432
-29434.985142940102,-13297.230357459784,-719.9197378251006,929.5763910708971
-30208.516836669736,-13765.28124984614,-1096.419938160266,-612.7282149405678
-24691.40964953244,-13565.893783214537,-1271.604502312117,141.98868066269006
-20820.44090953182,-12954.091878530242,-1037.830441848897,1294.9779866771532
-25651.814179537723,-12366.77779616645,-566.9142921341296,320.79382870846075
-37536.13192420008,-11847.217685481499,-277.9775285204631,-194.68781652013084
-50058.32304043959,-11064.773566737395,-274.47352094083067,-674.385952297495
-58236.11577444923,-9887.843964479189,-343.7371557293319,-1623.8978148575945
-59809.57813476304,-8588.338742113103,-357.1478247216913,-633.356372805329
-53761.07218901027,-7524.511589845446,-358.0817580653843,-56.732006857993014
-41179.97194529149,-6885.827911671141,-497.8637196697058,-545.6889050435509
-27791.337969648936,-6685.024861727949,-918.0257504121691,466.4304125224959
-21392.147286111423,-6887.575608155117,-1229.0416668493192,445.9343057382347
-23109.043790226242,-7479.19135069603,-1003.4170316994168,-873.0885130967888
-25905.35778593122,-8261.002269018258,-398.3158408849617,-1033.9840502029383
-23119.7822796649,-8793.726445343666,73.71937864508031,-749.3383881533383
-14354.856024604453,-8896.391225584926,103.3577100364316,-277.7231958120335
-6726.02185004161,-8812.750961461406,-163.4795809269747,1330.1882934855573
-7001.80481755006,-8767.983613473485,-529.4486544949124,1465.8310573041585
-24414.973967825717,-7332.252401688196,-748.463243019733,321.29691385195594
-25662.944083625796,-6911.887002701224,-566.6492214765127,-710.0413640541569
-25563.212187246427,-6422.058148428114,-380.100481419239,-829.0687014241638
-20072.621809036253,-5757.2826003528735,-271.58800879921415,211.17560807154968
-11055.27625620343,-4995.560585973379,-388.7837031156089,8.447247042765412
-4329.6068295261075,-4496.0093329616275,-756.7738989170972,743.1458567473665
-5260.568146306281,-4525.017473689671,-1034.0664333341754,1770.1249628904568
-13421.227312792671,-4914.461009431973,-898.6330088153766,315.7481900424307
-23593.966754689478,-5246.065487423055,-507.3200874657687,-1107.448480345566
-30357.9900693558,-5230.237788751339,-251.42061563733378,-847.1747270500656
-32606.70867911185,-4864.782523497328,-233.21640905050998,-1031.5996731800371
-32286.0981390202,-4323.125522732115,-270.98002853272817,524.9982624589543
-31117.282147529993,-3799.6498498530436,-370.6667168049144,1650.043849903071
-30327.54434758373,-3440.1842827597857,-653.3912176787943,-257.91697365803736
-31164.087158690083,-3324.581511802811,-1013.2710673390244,189.0481579797839
-32987.086957944615,-3452.5179787930656,-1286.6975505693665,-405.95909128312377
-31691.642422282817,-3727.054509894997,-1315.7469169374338,-780.8545111176985
-24132.887083735703,-3964.669506621439,-980.4832341398343,-358.6868433656848
-13150.610136652713,-4026.7385599094678,-389.4681565972857,-126.14505773300272
-5721.724225275676,-4015.5835086218012,75.11531463224495,-110.18100136020199
-5535.776409361792,-4192.377961694314,114.29099734995985,1098.7170311986256
-9561.513763695806,-4605.982313124965,-196.89713670140188,961.089586603523
-14305.870612473398,-4983.053574407935,-635.9179728821947,-1316.6236575224307
-26173.75693130289,-4222.588473612399,-842.0695470049652,-1645.3051038623312
-19284.875929581565,-4029.3169025458856,-549.3943180699624,-1312.8402729372008
-8748.69932032081,-3745.150926278853,-316.01523771203256,842.8131616315846
693.6201449161377,-3573.4806212712847,-290.04335965409734,-682.6174780125505
265.7378569396278,-3666.881421156581,-598.3119894525809,-639.4514084150327
-10639.678614878472,-4022.722818285546,-1207.7916827534245,-108.68535165190906
-22368.089249222157,-4426.524118709145,-1624.2829098037575,-3866.298191473537
-27265.295817096874,-4596.2180960281485,-1407.1652683059194,-5624.864185944721
-26825.00261793708,-4465.755622450875,-801.3990990794138,-2031.659657820946
-26500.08507248853,-4144.39417350754,-404.00281192407755,-201.6199218073117
-28983.260206664498,-3723.3345157697295,-395.2626803836229,3675.9554289861658
-34030.31289967212,-3250.6547326703053,-549.530072289133,4207.328943175563
-40094.489504919016,-2794.032683332519,-981.893361853556,-1340.6456604548607
-44755.872724249675,-2435.3245782874865,-1617.7241077645886,915.1417184144472
-45005.42853274877,-2210.2727133379262,-1789.6334350188858,2216.897967155396
-38108.14652130675,-2079.4010905116047,-1640.2252505684116,58.08409998444778
-25204.707521754364,-2002.2810540636965,-1887.1595007441933,2853.0384388806306
-13568.96611110248,-1975.2800329472032,-1917.5726506853646,5088.59564827548
-10891.80229330378,-1976.7979194452664,-952.969097546092,1573.1983611615146
-14788.626140142456,-1884.6331899614368,211.85698458643924,-847.2513885685897
-19871.475850480376,-1452.0640901267648,343.1513077297045,-4901.143946965554
-21993.07437954146,-740.3768027629923,-557.0633667563741,-8771.556638499489
-18077.470069511422,-374.3001148039489,-1472.863092013083,-3161.349887649306
-24154.570990316803,-810.163357230038,-1781.4836648984037,1886.353497504372
-12462.667255271057,-1190.4303895012602,-1100.266266881109,6843.715369229479
-10020.211797762488,-1786.6576958660867,-866.5453525105438,2536.714320267396
-16095.207923874385,-2101.6569868432134,-1130.5345993765122,330.1033282307943
-21376.70978440336,-2035.7364021949,-1842.0345663017324,2401.7554890246465
-21238.83208136584,-1912.3499366774104,-2675.9305647061333,-2497.7718733032057
-16298.913615498564,-1900.6766229897296,-3147.9645362798706,-1746.0339192204017
-12504.238939103936,-1971.42194581082,-2620.287749601457,3785.078821950313
-15051.332413936898,-2070.0997704751244,-1463.1124076782528,1842.338725436264
-22585.766978247157,-2120.5195945648748,-729.4316903670974,-102.31687861836964
-31153.0603652436,-2055.505031548767,-722.748179805315,-1696.2309126928567
-37567.40652340442,-1873.141307198242,-923.0060203770828,-5736.753165386773
-40037.886706600584,-1642.9767986958414,-1075.994247917764,-2792.5628539788145
-37474.51862830693,-1444.7248434090402,-1443.4191417521845,201.1889323827481
-30164.306271833007,-1324.1294858471786,-2036.7475267125849,-1188.5291266658294
-21073.409536003182,-1292.898297879535,-2707.7440803684563,1698.7294532745734
-15768.77524271038,-1345.4870962770487,-3100.5228830099904,3666.6621202775154
-17062.493422567884,-1477.5959509164504,-2563.614153051051,-1610.7490175560688
-20381.84851939824,-1655.7537170278297,-1052.4273735172362,-2902.945052501884
-19955.60298790092,-1779.246266423313,200.19930220038498,-2284.376689595925
-14096.110544892748,-1777.933241028388,286.82710427836633,-1696.7049009096258
-6974.272206184795,-1688.1846707936704,-437.92019063904814,2865.891945210535
-4243.921936633551,-1612.4760199871455,-1259.4663552295226,4008.150726212732
-12924.188568455384,-1430.2288859210516,-1782.7564780250268,1436.8406022048914
-12375.194732082187,-1435.667403383934,-1418.8451499995144,-1067.6493058187002
-13795.667173892522,-1524.8710329858081,-1139.9048580984074,-2087.2091854698624
-13787.308278611898,-1604.2836698342585,-984.713021032828,720.3488010893514
-10268.217498063876,-1592.424196184078,-1175.4728712370395,404.183783325908
-4395.667414721004,-1555.1723344212821,-1849.1822901874186,1393.812523229968
-1829.8240350143333,-1621.4007877882016,-2391.8501110511183,4199.500889434677
-4737.3925935920815,-1797.6906492638534,-2047.235546566273,1449.1247552529542
-10917.952531524335,-1958.1504737677335,-1140.9421338371312,-932.1387301561624
-16821.084312486888,-1997.5540497820534,-563.328545137598,-957.0814625024087
-19953.264959351556,-1861.6492002554214,-527.6563493326523,-1332.0921075795295
-20337.36699714083,-1560.633074134454,-556.0964661668777,-88.81721993815701
-18877.835390163,-1214.7771477986753,-501.5875645279815,411.50090599417314
-16439.173603866424,-932.5320662104507,-677.0647246736388,-262.0726481001107
-14456.495608484744,-756.817619769034,-1296.9640210129255,-509.0045380614661
-14504.612435561708,-708.1016595352241,-1970.38479074334,85.40178653740645
-15230.759174067472,-839.5572742059918,-2124.765315687644,-1226.2234354243515
-13320.495979643993,-1197.653965420837,-1488.8836518271905,-1728.4588302419227
-8254.606976238107,-1661.3632317629351,-510.695333353464,-934.5261726544533
-2548.5768423816808,-1936.2051026256079,80.12443843046847,-397.5030877191266
-99.62176184617717,-1959.207340176479,93.71946341319507,735.193150611037
-1867.5601668070426,-2030.505735070188,-126.67832854009164,1647.0399070231915
-5468.251386665954,-2320.7500561658803,-462.41984150124006,1026.0132374228024
-12038.074200884517,-2243.378185736307,-814.3064572818802,-24.217498682817048
-10563.354647646052,-2385.2147784971085,-775.1151559477382,-972.1115366704764
-5971.304514494008,-2417.318798228665,-526.5621656787181,-589.2087386945743
458.2235085197645,-2287.073646026058,-225.4679704467556,35.039804711937364
4170.75366626016,-2123.1459540975147,-252.8538420690206,-170.3712700372322
1850.65402955225,-2202.437806540139,-553.9212591907274,426.9660335875319
-3384.050255256825,-2703.2989242967096,-768.7822246608944,120.97394150558331
-7189.825940534134,-3470.0990427296,-642.9045206780157,-733.1344987503805
-8146.150835318901,-4128.058420175496,-343.3451272727247,-512.9247240325478
-7357.2618976484255,-4443.489324786218,-157.6613178409009,-206.42642827773795
-6577.645930981214,-4440.437274192129,-131.14976400666296,183.54696952341945
-6591.236000105001,-4243.263147787533,-117.22852326106258,522.17915401572
-7541.790849481878,-3988.8411933314037,-113.01441102267424,300.15200214078334
-9213.10396345321,-3820.581463110332,-228.2263806858481,1.524544706627719
-10952.738523963912,-3855.92720323569,-417.110801098554,203.64662589375482
-11289.982726496617,-4120.8602484689645,-559.7018399776432,-120.37978119478912
-8827.300134659381,-4515.9055193698205,-548.379836973696,-82.82751872311042
-3998.881711560035,-4895.711004122355,-384.1287160337887,189.67951128406204
-1.5235097296754248,-5248.078480105593,-144.57855892936948,67.22763113191556
398.4187973651625,-5761.656575395402,26.649648963936748,-5.128136668854445
-1217.2036670610207,-6637.276564521448,39.287423983866404,-15.789752789560833
-3215.037827354296,-7764.7094025708975,-65.19351127921017,-158.9838463483994
-4379.006686050034,-8656.661813105733,-188.2967558474829,-70.38738670525886
-5881.668403312259,-7404.062387049099,-208.69709356098957,-18.589019954074367
-2942.2171785978258,-7126.585049408629,-99.67505386683685,23.59517904496306
209.95724525716167,-6796.208213822699,-39.54258555695564,70.82892610410023
920.8400401705092,-7115.0402519383,-60.41920737426325,-19.591409722080254
-898.7846225939135,-8434.26880718105,-127.7583321377332,8.899028262348207
-3906.2167225375897,-10236.844612349612,-199.8127496265437,-41.68493700250029
-6248.550324824539,-11820.296521303855,-229.048516048809,-99.74364895446556
-5919.04840341063,-13109.97318710035,-189.49968537036773,-37.947185339093416
-4171.954156466252,-14401.80953801646,-105.72546501450859,1.7990954596300242
-3241.7235872352358,-15667.107725314994,-52.926424501964064,4.743940249427407
-4208.465184435854,-16429.327857216573,-53.7375010147921,64.07528533268109
-6676.5289853132335,-16325.082526948283,-69.90906571939651,5.3755272098917
-9406.97870384317,-15587.20764166007,-60.43573993171732,-70.16692055708954
-10955.02950839455,-14829.731952693292,-47.43002654354538,20.283122568587203
-9736.2702905232,-14568.857384395109,-96.75555106648312,22.870975566048852
-5157.563159458561,-14957.275012564096,-163.5491958761754,28.415853705349377
48.869861231692546,-15941.09529837731,-190.58039360208363,141.50470481151132
282.6421756175472,-17623.660959801855,-157.86540307620606,105.05704489983316
-4550.423879931217,-20240.305181709184,-67.23245421822621,-36.17274510392653
-9456.512233254412,-23511.120777370797,13.233420160712681,-76.33204346030331
-10930.617456730424,-26484.153794505128,19.63141760841322,-168.90920972159068
-7055.9543373640745,-28355.343807778576,-29.25843376356481,-100.07813787304492
-2362.141440188217,-29149.948670755453,-68.93693642602952,61.76136454350153
-4341.640713922707,-25394.063779988483,-76.4524956880567,117.26253479697479
-2597.2504722658373,-25100.017960482783,-38.952208844262174,181.78833141832558
-5185.730791506498,-26080.337286291302,-41.350029022813494,30.38309606557064
-9935.780563153083,-29047.54062504338,-45.024271758616656,30.48413948710681
-14699.538986277035,-33196.730897101435,-51.63122143039213,100.95018084736263
-12373.651512573197,-36746.77839144001,-86.9684781560116,-54.43185659291852
-4922.73471102994,-38634.649137722816,-128.69361889641456,62.1078581674868
-2284.6945845220666,-39266.903631099136,-121.30001172912756,184.8366827874524
-6982.2142403976595,-39004.89446691446,-73.83169229299202,-12.002136367606086
-18512.933386573382,-37260.769396122516,-39.36572620714336,-71.66270091044531
-30368.50951787785,-33614.750288674426,-39.006229313016334,-155.29585548686026
-37646.51598293187,-28659.360938989117,-37.99473562327825,-213.73628348765342
-39646.52851792609,-23631.54714745493,-16.091212875690516,-78.18002182284604
-36301.79491043003,-19605.65661004775,-18.209843588224935,-27.31383525285554
-28962.177021942294,-17041.836586935024,-108.15983762124077,-135.34782345859384
-24487.911676323944,-15915.515274292104,-255.49755668481288,102.49894513916315
-28734.610426740604,-16055.955941742872,-349.5182173855198,2.1075525744545303
-37691.655234173566,-17318.496229897886,-281.1917459055811,-393.72672102325515
-45865.19074637785,-19297.131883664886,-98.75887717146095,-313.7915112215628
-37518.10270452114,-20932.028900779704,15.067677305783226,-180.47744781138218
-11533.303659961311,-21271.988857736345,15.864313508499752,109.96334095100677
2083.9328348727163,-20785.49037405441,-20.513267338843814,587.5055616097376
-1582.386407265954,-20939.80090664175,-120.2686740553796,401.1671227917344
-34699.25201266915,-19082.470292672948,-310.44645204109383,9.182584539394767
-46581.780602932624,-19521.890957918364,-374.01432922901824,-294.1390269735407
-55970.87166366032,-20325.14039332136,-246.44708309842548,-231.83227027281606
-45704.884697511035,-20537.94907101192,7.725708079465065,46.78634446634348
-8404.055278165073,-19753.225883531617,-6.005558957249779,-64.17773484784819
11122.057119871253,-18906.71312585439,-333.62734586867583,337.84785428718
-6886.00127825064,-19463.84408068525,-623.7228837522396,776.1144860983784
-40825.608653137264,-21681.75371687465,-585.1740344856806,70.68383966934869
-67629.23641727226,-24056.936400845327,-334.92786808922517,-584.5942693226323
-73500.56444936278,-24924.77427629521,-162.62525773849515,-439.3687068836037
-69229.4678254494,-23901.372611271712,-127.79421778754542,-524.1950347668046
-67608.58443670224,-21740.14313182806,-85.66339776767575,201.92485036398514
-72085.61771684185,-19461.561093208235,-131.84529619944047,756.4326761981823
-83879.88836010803,-17874.41779137632,-524.2122569403543,-180.65522524601352
-101211.07707985328,-17496.775420605656,-1038.7014936112382,-20.404143415786024
-109673.40456164742,-18464.813414726097,-1250.6656166276962,-219.2480664340854
-93920.73289606774,-20384.31648652527,-1033.6981729393397,-1264.0211036682356
-56592.56685887103,-22375.528794817757,-671.5104742077779,-500.71687451655146
-10045.286665244854,-23651.804578926207,-274.8362776413997,122.63039358604095
5931.827245161618,-24420.84556377373,60.129827337597,-272.0876607606987
-17793.899470285243,-25806.789091149512,110.23435484464764,-599.2733244339934
-45576.98120271616,-28370.98106548345,-227.85229911245273,-3168.9102125637146
-61321.41208117807,-31123.25536720543,-738.2944039046222,-2537.418919233085
-82747.02571413419,-26675.702594436927,-726.5520115284828,-409.50455490990646
-42714.084754910116,-25578.299496423522,-179.26793415233882,1828.6256513186718
1861.8434458676968,-23202.35565070692,157.17772249888608,1565.651665119688
12736.91407021646,-20700.250363111045,-125.83175259062034,-405.86363668408586
-23963.37531747108,-20065.890408991523,-843.5052453977686,344.24241744086646
-60610.012285297285,-22307.4779584703,-1474.0752826243033,-1238.6876686187954
-78623.06764199391,-26309.88544544792,-1583.1441172973261,-3554.3948856807506
-75727.93476338513,-30024.06284866888,-1098.0243985654902,-1206.7802519855125
-50402.87450734339,-32196.088355660868,-526.9548951686901,-31.664663964760393
-33581.56426258165,-32513.361527499266,-217.83090009044517,111.2206394011079
-42413.0619590064,-31067.296670147163,-178.356729992819,1071.4509414652803
-69552.65941790193,-28289.265124410736,-374.70698500543824,147.630835911438
-102552.53480142902,-25016.457035616742,-1188.6003443534164,-577.0144708660247
-126351.10265896062,-22229.051994866768,-1913.909260312644,360.0936850571029
-121245.21692520245,-20504.409764839344,-1424.0820081409397,887.7437656404946
-80658.79100783763,-19759.190382181147,-817.2740714625382,75.15134873924724
-34133.49822300841,-19519.662552021542,-1110.3480102964863,1634.851241384221
-19828.19456155696,-19512.648594479757,-1267.648696465508,1990.3457550380053
-41515.42342894396,-19952.978100210225,-637.919754106626,161.58859941865387
-61055.99451908397,-21165.870536413557,135.77538566108308,-653.3795848000275
-61174.008024497874,-22945.9808686502,196.78118336822467,-2014.6460575516446
-47454.77647188398,-24797.428920930448,-253.3123189321533,-2381.076764316471
-23485.125373748753,-26358.588795611016,-446.56977183281316,-558.3013279577909
-28524.13479933268,-23025.93935618652,-627.1268697706223,490.2493989931916
-9789.640067567429,-22692.2414544726,-459.7839802187474,1456.0083228592016
-20424.649288474906,-22418.66456628502,-833.3871045626641,881.2416290037662
-39525.869369371496,-22636.43195450278,-1258.726780670829,-37.08622531001677
-44221.19824874631,-23360.807606774808,-1248.6860584009762,534.0707138088965
-38648.65662724079,-24334.544584205723,-989.2198977735793,-727.7748207819302
-22302.98989980001,-25558.132534990786,-1123.5025680284675,-826.8686822206128
-12582.588584812063,-27181.171692045973,-1139.2996577703616,613.1257737546998
-22907.501102606733,-28747.207126859732,-737.3492475763492,365.8537512428509
-43843.959720615334,-29290.298195254614,-433.0959277996215,-74.81208860464201
-63482.775995515774,-28134.051288131766,-522.5122290450261,-242.3900210292872
-73952.3762690129,-25545.14223469888,-674.7370592154556,-1665.1507382470581
-73380.84182991751,-22507.821232873925,-341.60363643993196,-1236.385359206046
-62805.258560819675,-20047.79037813874,-98.20000681757324,133.26189078600288
-47788.741854729444,-18797.84619936022,-498.53047562544884,-332.7497928581056
-37965.57385151434,-18915.10961531332,-1320.5197113814447,644.7783349953979
-42533.84734767114,-20282.936938193212,-1797.3609200651651,1656.3761105548792
-52576.34578714923,-22722.080699647915,-1461.7798514021454,61.26279471774978
-49751.490411704464,-25773.14390197996,-557.5273675571195,-1095.001343826353
-36037.917300324865,-28565.76208843109,90.7834394847321,-1058.7678059939576
-12970.467921048767,-30506.825144802613,97.7326903645788,-1336.5634093129145
7425.685188816752,-31771.34068490332,-92.45668404088819,731.3817860282603
4785.877624926764,-32856.51278535545,-220.71262631365886,1718.2468320192652
-27304.472076291193,-28817.735474555368,-659.3458677581564,997.93562115285
-42663.30869930428,-28523.275894768358,-953.7686408766797,371.5082291639685
-47761.555088596164,-28574.034693602887,-1121.8052275962075,-648.5606699950398
-33379.84441962864,-29062.47172855069,-598.0870593365316,364.1619123027143
-9363.818357610198,-30011.385029075096,-169.23666094808902,205.2632120927117
7899.776266854156,-31634.494367615356,-464.05609578526514,1025.3792974720648
3295.281817500775,-34127.936707247965,-914.52840010076,3859.272952607079
-15709.64405686052,-37223.812835734665,-890.8733790605112,1051.5071757131934
-34509.01187157351,-39864.506564695264,-521.5713221891494,-2277.052468185959
-43431.872765307,-40420.01089783547,-261.4570105507428,-1733.5502833444596
-42289.00633680985,-38139.79531312686,-230.43142178870858,-2509.814623791235
-37451.190346112366,-33927.45573182721,-174.5160272521879,1013.8892554917966
-33863.654762203536,-29367.416234319586,-101.41123759923059,3705.840987092253
-34399.7294591805,-25787.190354319315,-230.90817688449303,-754.653178453273
-41352.20329224941,-23899.132972281488,-621.4006571342737,-208.8110313968684
-51930.508075106365,-23803.659918893285,-1021.2317840100106,-693.9027633154146
-53311.99572297325,-25164.28711647171,-1099.0387286737543,-2081.2698384925607
-38433.823317728704,-27227.231022410902,-775.5876670430106,-3378.701463507433
-14761.019142147848,-29118.314721640585,-285.9866291987173,-1407.0867696522241
3491.2906011371892,-30531.32777839681,51.36463039395921,-26.128825394089745
1239.8894928959144,-31751.419628950065,74.38625496676245,5248.893255503979
-12734.838454233024,-32950.86232637761,-128.86103633200992,7826.4457009858725
-23842.097929728283,-33822.73955602752,-445.81453939153806,-461.07801109458984
