X,Y,Z,W
1.124160888670348,0.035013089705630177,0.08376143001179279,0.3048582370885065
-0.5272916114491182,,-0.06798499452443478,1.2732698061429808
1.466005267870105,2.0188862633165137,1.4905560818914216,0.9659254678955768
0.4518458717334798,-0.19162964288081227,-0.2082516063295589,2.7176189046252133
0.0563602244232911,-0.7551472555910304,0.3626926584568734,1.8354324947209304
1.696262066467726,4.845198137774302,,1.9570289651922803
-0.28349000740840424,-0.7729483273055481,0.13716318035748726,0.4790837484958964
0.26776139529129833,0.7456400196683368,0.8496511159690604,0.7369062852317845
0.9583253836022384,-0.3355936113327579,-0.17816003738575098,0.21065563558700315
-0.04820014987376073,-0.6693973614070216,1.8848097708413447,1.0053013784885978
0.1214826801214524,3.2019971404922214,-0.05347070201374004,
0.11394885863510815,0.2989009135130297,0.1319849978533722,1.2924168852896356
-0.11177258375322273,-0.4953861870745496,0.198227601593742,0.02402728130866792
0.612712111778985,0.7091532481222564,-0.011594615655616215,1.8530970805003693
-0.4891062803063773,0.8322671776951226,-0.010480382255250793,-0.00759058081086878
0.6168793395504147,0.870604192690079,0.02543400651680317,0.2707082937596951
-0.12354152777319105,0.8935416849895714,0.11931538735509895,-0.08483885021293873
0.18117616492031827,0.010291119179335728,0.0067981108045945034,-0.0691425506399837
0.12401204969884087,0.14046860397627406,-0.043382356995942326,-0.03584704019861225
0.016334849787340202,1.0740933703737925,0.9981194664358218,-0.00966702286582019
0.15945819911407114,-0.20620429164250773,0.0009493128720476854,0.0
0.381173102818779,0.510278762204262,0.019926839707217654,-0.0051993492405055285
-0.32870605497260363,1.3906774894165317,0.0333212353066314,-0.025568819389957725
1.1210224665918411,0.5769873102279405,1.0345313539323469,-0.1857771880373555
-0.3522615657278003,-0.3333671486356454,0.1926230367300729,-0.3532693459262559
0.4100853362815908,4.731505535432629,0.3534411092267969,-1.0913787438391962
0.35999757234280544,1.9232581263015485,0.7109913252303635,0.8465804783838815
0.4160785145476492,4.360124829204894,1.6377396365019474,0.8916317032773408
0.9322860616132792,4.134067931204046,0.5009273989627987,5.870460943232183
3.0057923764717014,8.876010964751886,2.3631191469366057,16.871729200989222
2.6053274487740423,11.751101819465955,0.519585561883525,13.99834523464892
8.832576928151635,-2.8436299820540274,5.355824691362751,25.763065316523786
5.743080493268758,15.09055438683115,4.575456176447479,53.77603366360496
20.140120714041466,14.622345760177287,5.816511955907568,43.71181291726875
12.252949362625465,27.994670897087325,5.5681480213192565,81.7508040291105
16.833629816405306,34.48049504198877,6.137797041933763,79.57585962602826
41.926625481710246,34.38192766291084,3.7604401298529617,206.1905826647295
-8.82586124638407,72.48854679039266,12.255750757652356,184.6539582765656
90.2457981060556,55.387229313765104,2.795229573773616,137.44728590767045
87.67708030332656,57.31260231603101,10.651943267380236,222.3308881491469
121.63759644670135,134.56239712617912,16.765521873061687,156.69443055738478
186.0068570121589,190.02862089123767,5.0966141996668695,381.6163907308034
315.3823674172385,253.47038326790454,35.037024521196905,560.8482053019741
336.1127459748059,260.23564158179704,13.89420056217001,230.79330619019126
467.6493931956112,235.7701402339889,74.73386709302295,1207.1885503345786
901.0644477908626,123.54557238933849,32.331546046573536,807.985523405629
399.2060830504204,294.15693084856275,65.80653604855794,1409.6740158851487
1559.6373477833356,497.14292568229513,150.2336073072171,1612.1310590566718
1933.803867853554,629.9799364645825,80.39372217763213,1997.0169532851544
2742.698638888512,833.5612061712852,222.8734103350534,3050.097745575624
3578.323600112385,900.2341931795869,221.19976264013354,2910.287704285908
5274.6730503199515,,243.18738796343087,4185.1817223118605
5117.062075239847,930.4709981739604,404.1096239994537,2996.6918291692436
6514.1158047397985,742.2675268537073,294.184982757221,3387.8615072744524
7889.154484349749,1196.803465875675,488.34224418020517,4510.1446041418685
6754.892533133901,787.8945391995927,,4196.596079845176
5812.58384722172,953.1151223960479,495.4445145812463,4814.05857417593
8017.217672506823,1499.7713467381311,873.3081171580395,6265.2523856093885
6447.594938115587,1951.7438207815849,706.7351188639062,6115.845463309148
10225.60688563959,1901.2927018064127,861.7908324135553,6676.7598353508265
6171.556018280457,2181.752243667264,872.0512655714664,
12294.145943625537,3653.8246401020533,958.905995791279,5289.90570419736
13494.987965720484,3702.292078642357,893.1103561107042,5201.9523252624795
18253.503241206105,3865.941141480456,1040.254250037608,5899.494855960365
20530.303868895,3596.695959995371,1568.3439377118038,6084.303304942224
23507.521035216105,3531.5470708511803,1335.574353074978,5715.282778194344
25870.36330672536,2398.0310878400755,1350.5137878391965,4947.55145096018
24585.83795319728,1370.9651143988542,1568.8850596512314,4707.3959109284215
27041.65212930578,2192.285632195448,1074.3747086906349,4117.807332243238
19899.06873495494,3384.317261965613,1330.0282965747176,4360.2530368184525
21441.697581182452,3466.5834084152416,1252.2718491325982,4929.561153808324
25148.634309441157,3782.4836349988427,1326.2928904186979,4582.974411942867
24753.95099665018,3808.6019493012177,1286.9249182149526,4062.825630126641
24834.89023007588,3351.0833863680186,1375.0512456368122,2793.269365066994
24235.997999052157,3139.2482326963122,1219.3495915614594,2861.3676478469984
22251.90029045857,3167.6782707760503,1460.6774231496445,2579.2830546272753
22415.882870514903,2343.627889622476,1253.4902003732955,2060.336313434448
17331.22346176646,2221.5321680156685,1361.644914848723,3292.0980368163146
16837.495052158905,2057.4586405249224,2406.9515761942966,2501.0718440797673
17169.009858962214,1826.252783203968,2001.1945204367096,3266.326553022613
11232.591858251675,2072.75847686605,1565.0737702750162,2237.9449089654177
9576.662170235428,1861.1597101166865,1933.6549452681907,1999.9664365546787
13783.1548911956,3463.548166461123,1681.781228487906,2001.3297201212522
10304.756855953747,3740.586878427997,1484.8836247539862,1247.5871648509376
13669.000475914285,4596.087040617474,1745.9985305269158,2261.132203632153
16594.194915741773,4266.638791726336,1196.713352268907,2051.7369935289653
17691.92723316027,4146.303676166165,1490.482254514765,1852.8959977017107
20820.774409916987,3036.007594909824,1515.221943544209,1602.93485680844
21467.991286457625,2533.8007612800875,1430.8759134817374,1472.6177398391865
21780.097256870402,2946.059990171533,1620.0415720792294,1257.5488712619979
22984.11395330371,1856.7878212956741,1661.2510253429678,1269.3271345933306
22335.033680928893,1862.4516665613805,1668.2285856781773,1395.1130622755313
15931.44189834701,2918.4414574380958,1482.947406643898,1308.9341586625962
21617.72521500344,3477.4219490890227,1756.8635774005445,1162.92813198773
19732.958015114404,2742.738658457205,1534.9159602664804,880.799406949936
21909.08099501473,2853.2347743187506,1323.7618840417626,737.9608729741133
21305.84129231592,3048.676826956845,1616.5536747460565,527.680759937744
21100.433223211527,2776.4125381030353,1206.262984371733,919.5639314362036
19142.48510646836,2412.537522086271,1275.2041582951022,1020.7740029843433
18671.0950464298,2160.89541541567,1117.5529397020734,1012.1867435308358
,1397.949119299954,1167.373106117479,1018.7154611718812
,,1113.6744821346533,778.6948130667403
,477.3762178374534,1111.3560354767876,735.5388116126587
,1898.200379754088,1186.6149889616631,749.3201098090117
,2064.3698076438213,1186.2379249384094,518.2390921747972
,2383.6128870227985,,909.23247381265
,2032.855135614754,1021.3029287092547,379.97525607050505
9813.19912768159,2146.8064764956293,1025.343502109412,728.3663347175083
13571.22708816614,1809.4938981029334,951.4563748774899,369.9131337988324
12650.940129817305,1525.1635149747603,1004.8437206842656,809.4034521666812
17271.603543288977,1985.8356105536407,990.265109566913,
16610.1450879825,1980.887016492441,1147.6480707975845,1137.7518341647126
17745.55274898324,1254.781910819259,1308.2734270823478,519.8764242058785
19121.924481380884,1055.9351464842025,1132.8464373210115,665.231856817009
17695.07874843173,770.3171699897093,1120.5334347909875,644.3380020047454
12948.051634554482,951.5508868710788,975.7417796294684,307.742596055444
15469.517264727305,1110.1375827472837,952.8174747272847,450.98900813699083
15407.055872127663,1419.4019067931265,972.8898962988184,231.65082578280362
16640.161735569563,1342.243273929709,831.619178870608,605.9417752069526
17131.608619309758,1363.5359817085778,866.6697002623912,322.1867896027607
,1263.1024415662655,758.3468893654466,608.2073760126476
,1068.0576814012322,697.0902676408901,517.6463979604745
,611.6814213026491,592.9157422613564,326.4592578667581
,394.2160015040623,586.8149872447053,325.34503013127085
,598.9384446005015,805.1584490234977,265.4600475408866
,601.3416907535327,651.3249447833439,286.1618872507433
,618.1565029257415,681.1310751154599,274.8346312821451
7185.867742053046,725.1562282239299,645.9892222374307,387.5276706007949
9542.990828023048,798.9485651269862,656.8656751422639,435.3958275078513
7835.609817198989,611.5134401072603,485.7188295395017,523.5730414214404
9559.293358848225,585.7149772532867,546.219491873616,332.8986441536838
10931.494656145978,945.1463476903767,413.2504400008663,320.5716028177178
12787.504819567672,932.6072037714559,427.5535520527356,346.4843446343733
15227.248907427123,862.5950982511583,470.8512425227655,86.60007195873196
16055.905103635112,626.5023381916973,448.21666636719897,177.988148645933
17638.694341864026,642.2725802784674,430.5039538930599,414.81418098577996
19002.21054811415,420.80831307157183,414.63688667096716,102.28447750192228
18035.99501493705,250.32781182080882,345.0349601296906,372.4809819130135
14246.005439563247,662.4513787165296,377.75803169939206,236.507415549384
18116.63240835589,768.9308128589188,371.34363087511457,656.7302564180645
,724.6357334556654,403.351555687428,375.26945909799804
,804.3015382726107,389.0299934445877,1147.647306008509
,843.6586195344584,373.46310043243517,480.34097999592217
,557.8928517441599,390.36178423223686,540.3383541168838
,436.2910941818023,249.67237109991606,599.3278777469552
,549.2938506252335,281.7311674630792,408.9658946173346
,411.6633016271408,348.2797385542372,675.5800394838933
20125.491611659283,264.8835044051404,339.8112340199522,383.7346550083137
18649.840376529453,226.89239184316517,327.88543332814413,505.7582736640989
20724.068671977915,265.22108000564697,279.79090158104196,499.8077569466843
15636.922324461111,377.0774881073622,344.7927738043956,410.72423873981336
17627.17998737379,,311.8582333538957,270.4134026803628
16673.067197958004,537.0781016122913,308.5047695807229,358.34244405604585
23543.576386209195,368.6985063669225,271.28114123257546,352.58661821666055
25066.336546387334,66.05221815658801,164.14452175790237,444.31678972473816
32616.751551613437,18.575197908662734,,445.2333217029216
35692.537983551636,444.1155718228295,310.3714924284551,415.4337181063729
37948.49878836666,439.63966844333925,212.7793762290789,423.69353700495077
45390.352101094366,257.2841760604917,186.9785329477211,317.3198205747433
38837.0391558258,72.01804117155271,414.8386121342346,467.8844880358909
,248.07478419909918,231.04214157205712,
,417.01626277785897,286.9208314312752,399.09793085063063
,469.9910920587792,284.2964874066685,312.7620954183957
,398.94843812967764,350.9235235888226,307.9302480412552
,729.2600234768655,299.0302143409093,361.11411290230456
,520.8228260823131,195.46452738273862,215.49980394228749
,323.21460699140437,584.1350843748071,314.19448612902636
54061.03103645622,951.7048053930291,267.100093446894,328.1959294398784
46671.4894482645,195.2893835007904,253.64614482755303,428.0265456886984
46650.70624784368,233.1531783723044,394.2708147728051,453.4102725944964
40217.95481940622,219.2500168152161,458.74842562249705,546.2534920717617
32100.277299878286,379.0085825407602,356.4863885788503,449.03320745066816
28990.688770672306,357.00927604856065,270.65883231473856,394.17515003528985
24787.23007678037,320.3523620626476,702.7010254272926,525.9589169656174
26059.298192699316,269.59433496956126,481.51259696435113,396.078277874838
28374.6514478726,440.127060413046,369.28392767012565,563.3645697044598
27344.256676210367,664.9082566410507,491.1197663680703,598.4216793723383
37619.96773673842,631.8025168387533,555.1855833885373,641.5729664407985
41167.75564367238,606.3534794299468,291.6451711881524,603.0607899420908
45146.35266339462,581.0083611608406,285.18850296879435,493.50191781773367
,505.8094510836448,625.6298738164979,564.2532796372159
,291.62482474919443,361.8917748186007,652.0121936526069
,394.3013563971294,469.78374596080255,758.598239781636
,311.1683419463052,361.9607294567661,833.1585365477642
,555.2381968130029,526.8670187084339,765.0999960161258
,536.3525520084711,297.67773559094445,724.7157131639032
,601.8708937544177,357.0435867437198,365.329050830121
43236.99304546417,832.9715708417955,237.18339237577754,915.5627750097552
45579.563188227236,544.1365100127639,593.4235554243689,709.6725661247123
43645.7680646681,709.6986712325819,232.3464370881544,1229.9567043855914
41964.43831636622,677.9748587238573,222.2253893746884,853.5408784522682
41448.29534837815,508.56751281406883,469.2412496623373,1021.0883547045636
36264.329482965324,258.0217918176947,197.51392699946769,866.2925942965772
30365.669558576734,512.6199205665929,199.1521544211881,549.9055375529596
24498.03981905166,181.60428476556342,621.8366175223242,1245.410140464771
26108.209971794677,555.5667350129795,332.475099975264,994.2687071610727
19743.825733435617,553.8475421115281,317.0509146322857,1442.8910142586096
13656.335494412715,792.6325506686101,405.071877453501,1331.2767227581066
26949.80058663063,1205.4961420909108,310.58888639558825,1505.2347834826974
20237.442203244063,842.8708419182637,284.9345302574949,926.05152732444
,949.6232280197604,236.8484171473099,919.6203440824338
,,166.44132575237214,1478.1959208009437
,960.6808958461653,853.0002273930878,1273.0344144029993
,550.5986644851764,330.9788959078825,1363.586344741807
,711.0650646015997,237.1814332824584,1331.263768405981
,386.3876049862948,,1431.9560737517083
,574.5212481156262,244.3873255525881,1174.3121091913372
24522.8662879392,632.8823004224032,256.3138567184041,945.7063004438264
29300.261400836494,714.9179949519897,713.6493077849177,1342.1281023320316
32247.364083453216,1011.7288536738259,315.10996674629865,1348.0049107426269
33386.12983052686,935.9887511598038,502.4325701279787,
34906.22718336161,1288.4326508564086,425.66250613440695,1532.5091257182498
33622.70065152692,983.4772254824112,560.2323415293233,1404.1998845585813
33839.462521965026,667.0746461359141,309.1359663685547,1109.9393679886846
29527.526484805727,1135.5409354399374,146.15391555890784,910.6499790798218
25049.21642212915,623.1468615102432,931.501141412712,1546.2685979293674
28986.899329523632,397.2072055961706,483.07436232987664,1110.9518983755856
18692.64809566539,506.60967045208673,535.2597868136809,1338.311947268377
15096.642950637844,797.8942295527535,611.1066926871374,1256.8247311514328
18610.02950541216,1127.4275825078835,586.44706837049,1252.7490051039492
,1155.4060468119028,531.4297697163302,885.8705973581398
,2460.0029715891,598.8974293677629,693.0368052126822
,2491.610999195781,252.83884648070784,1720.080747815165
,2022.9922433332376,1169.169816136518,1323.927429692258
,2165.256928998511,226.52558898163585,1641.6407563800433
,2190.544373191524,840.2238555854387,1583.1650396087437
,2373.7538520220673,806.9470280331453,1559.3775473551457
29740.43139430808,1938.9562007295224,537.398168370292,1312.8466759281855
31504.39604764709,1591.4001111987507,520.4985806410924,1306.5283090580956
31164.07617756621,763.8232226654933,1381.0167281012039,1466.9219689569836
27970.744049646142,1963.513402944324,714.3999512462804,1739.8836709786008
27108.032224159608,3107.046846259168,977.5910450087939,1974.9477545932114
31870.6196952952,2595.2352812432323,869.0474360413408,2134.6465243017183
35523.23760647442,3582.483119461413,1364.773975975077,2127.3706084278474
36435.08184220038,3786.595010083962,768.248568136743,1710.4316294191824
32634.94881904366,3232.8424996525873,1087.1511690463203,1306.3132981751844
38976.31672140927,3210.822316660209,1429.1224720808932,1603.328330333382
30187.84929881824,2675.185592271017,991.0111936430873,1805.471248968633
26934.690178250697,2690.900266878858,1118.0997327232603,1446.5126943920734
27615.513847152914,2458.615140061215,1235.645059429201,2097.1835156783486
,2799.979293785761,1752.2574681909437,2125.8441423864747
,2641.8596940711427,1334.0858070153442,1804.68385702568
,3202.900976784335,1711.055637134155,1581.814093102565
,2433.370156915992,1882.0626600945093,2304.3971458213964
,6137.758042756687,1611.6095643120245,1844.1258805668924
,6365.009018837865,1762.5800955579487,2532.050307523427
,6068.250123046688,1400.4776132829486,2297.5188768619173
28498.251434423066,5260.372140361986,2063.5718192784475,2499.115916065501
33070.02110680816,8999.761667296898,1277.6800915966644,1945.8094529466327
32757.358517440083,16324.177560646893,2107.7475377753644,1959.9551001660493
38565.52785124879,4377.585089436205,2540.219128665237,3317.33900534956
39328.48777344884,,2011.135656911316,2839.2974633662566
38762.993681075786,4601.892670296115,1732.0292506993273,4093.466788030307
33020.731063721134,11849.598626521165,2127.9241466112007,4012.072344310009
34601.326136175216,9970.305506927183,2505.1583863388364,4017.974763419614
40974.58817089134,12983.92681769512,,3919.5848218117385
42208.097821581374,11734.467913076844,2573.105425211001,3044.9464168172176
42228.753495051766,12095.266641659717,1249.190226769142,6608.245605060088
45604.330896118074,12975.18733652913,3667.510954735625,4670.251488734863
44444.92244141189,13028.622395509905,1633.1143541313165,7371.058302768189
,10665.151184967735,1876.823141901556,
,6147.965234700963,2386.8386112370385,7238.8547836654125
,5416.108383325989,1159.6213751546595,5754.833347097166
,5410.321089134418,2373.683953964899,5992.271400206311
,7804.832907466442,3029.5710180522333,8480.196433491832
,12260.248165888666,2328.497086804417,6929.872046166631
,19996.138640058998,2544.8879322428493,12260.066513670568
29225.949623817203,16451.871261672768,2124.907711013543,6002.157671380365
32058.702540142964,16813.733526057476,2894.3097882541706,13117.837821784859
44372.761542908134,19740.600155951368,1252.5750505563851,9777.746454264345
44013.511641216086,16370.916546438444,2386.543028209297,11313.971643312441
54811.763245293485,16242.960561672624,4036.1726152439314,13749.033239059492
62776.38841185673,15652.368730257456,2727.281473041872,13310.141178592448
63844.978925390635,13918.736099408403,2733.2238797629275,15302.660186227915
71852.21001246665,9142.604105862425,3049.056301164289,16330.871232687117
77359.44484808174,8915.816774840969,3459.8891396568292,18003.930564456496
54395.93903261668,13355.714534426736,2499.579909747299,15787.063466386717
82369.32738205443,17957.774342918157,2797.551747679233,12142.883262609097
64852.49089461543,15830.842531840632,3025.1915586277833,24073.84169021854
104263.57358330072,17260.55993289245,4331.961293093717,8153.876087271514
,20953.13703893485,3156.303264804865,31238.95509312492
,17750.58634176699,2822.107628032718,19296.03765280908
,14830.28417897712,4686.257832587819,23535.585836799946
,14780.68150258376,3392.926726907317,15101.8915409921
,8739.418769888656,3251.0099479198875,19721.230156809586
,7624.274789279389,4682.378068625949,9421.19815962596
,5469.787957110517,4557.668182845417,25241.305871885834
61994.67367692816,8798.011935649618,3990.075815904785,19761.454371566822
53884.645036434005,21955.850137941048,5260.616698119159,24602.29542235136
67049.55546189309,18986.54014890561,4626.531904895772,21341.354537521016
71655.22997111906,21125.544365280468,4272.415323202593,15070.723652742734
63895.08051904617,20769.07940912776,3561.091903608705,8284.148409314681
98573.9445845626,18051.331228452545,4757.5154833568795,15863.199625997424
105839.11890381614,16820.325316464652,3899.8878533512975,20919.72642339104
122584.8508222243,15244.8837547353,4293.49171519774,18972.804039669067
134998.0699675193,15960.456289639329,4888.922750608568,19778.77602232521
142474.02545104225,10411.442644646935,4876.796979068311,19794.075909885
149093.59574488268,8521.853178919737,4899.659125316198,16645.048158674323
132490.91669021014,7626.883714142704,4641.810882296575,10431.964562668803
112873.06447781016,9837.509205707676,6238.74208301315,18470.478273172244
,7906.64854291052,5240.434608377206,15532.661264106126
,,5564.557391552044,29534.505674575084
,14065.939637017658,5627.069347173737,20471.882343915287
,11275.443166512849,5925.801781454674,20725.74328263877
,12814.524988273997,5334.004768815164,16482.809023608646
,8824.546041137533,,12421.684251138297
,7371.421621698805,6435.313664639727,16965.601490513207
,5960.098973458764,4951.449423442442,21467.85185856606
,6734.5922567553225,6138.843281728062,19950.08074699967
,4897.496934045717,6253.744121978937,24249.179842276568
,7434.137860619063,6991.9523418215795,
,8808.463840660179,6213.203282476175,20761.94866048781
,12837.797880707141,6064.4908384479395,12296.82948934826
,11764.295100919266,6788.690125954485,6103.372752667789
,9992.967253671424,5026.382451002215,28599.408823870093
,13981.096105909506,5180.669279732923,22557.795974486566
,17158.59410141136,5827.650661937066,30621.409846984814
,16043.274457505413,6635.030083144189,23737.801851599103
170694.84938712814,14604.203914723985,6068.316832199857,23720.40394704753
170941.42663316027,11001.55872294186,5692.933656686626,23536.825194261102
182169.2482519178,11088.404249278829,8585.809144944114,17051.86549561195
180823.39760984312,5384.169716884686,6054.472839041689,29654.624681579917
141137.31854681132,15609.130336673736,6339.175887626612,28308.024739119013
147567.00474180118,27024.517143252564,7313.612031901182,32669.956694102264
177486.87150565602,21835.581975314893,6849.343966989064,28370.65591557293
166047.5701528049,22336.175769532885,6842.125969453506,22871.790362481377
171745.8173552154,30892.48070507868,6056.294863378337,8412.283667948544
170357.54213453608,25181.57949375745,6980.742909604377,23600.2996395015
146144.74293211347,23781.23345028207,4744.011640942797,27350.885136302542
146537.58742260037,21635.56620172881,5473.30028465238,21518.15971780425
144802.6778328736,18407.16004744673,6062.980774283861,24644.30222821094
51452.79125611746,10428.812451339902,3979.030360954567,6231.729653109502
148298.78053816673,11888.525506561173,5556.102436038419,17989.793640623477
68803.93501493122,10963.938730536169,5999.378872093964,10153.319763167492
63161.809558341854,23334.200930001556,6300.815193647962,17478.304206067798
78704.63256738336,39256.816337054646,6986.675855815562,18919.894891974618
83183.89123397862,39344.733663879895,6505.523944624764,31442.186281593637
131262.4703110024,46508.36766646701,6620.43343011547,21159.08970330184
62965.18753439737,43962.8303874971,4294.01047762996,18446.915411041948
187882.08650618079,47323.296089619675,6375.846901174644,14177.181753185789
,41702.11273606064,9998.573666040998,15214.488080748722
,39960.51693842615,10037.442744273376,16451.81565285183
,34687.906157643614,7353.446421036607,21019.381704333246
,28513.391556083443,8305.832902218053,21623.69815022483
,12670.9794577851,8338.252564741091,36533.591537001135
,43725.26144752296,8764.188829098748,15292.924756209055
,42574.62397167292,7349.567997080351,23956.436886318847
,44216.467117532986,7162.697422827248,6718.728326851015
,40675.110002785135,8268.533185149758,13056.895363612508
,40654.830568729056,6327.002744096165,26307.267241594058
,37679.07805423569,6465.619932295002,19634.17696976242
,,5954.323004865112,21869.424307903126
,32966.8965393284,5425.940124871048,13318.95074134932
,15786.753865456509,5252.755473302763,17519.488660786825
,12567.858488885526,5793.598047503319,14005.665380890556
,13020.245524496844,,12748.620435444434
,12455.947293828876,5345.43867390812,11477.622068991692
,22946.463336306788,5757.7706670761645,23438.08811664488
63608.295823961045,26723.60263063179,5652.8563739349875,8126.223560874168
68407.6443383954,32507.258028625532,5026.225377443943,16467.687406321696
82884.78676445074,27837.859624269287,4196.70740119746,
81208.53315811872,25773.872410112614,3657.272664574996,10794.180537204817
103839.90323605743,19265.86864909912,5126.5416180816665,10500.572805877297
108086.34656948381,16830.63313295419,4001.1921968822967,10772.991897983427
116796.42993457762,18188.61667080965,4256.235322599061,14629.226396862468
121003.23674016904,15844.859645531647,4733.517607505123,12453.670470544082
120858.69470532045,12484.23365918011,4760.681854472279,10713.308591306675
118093.01094178553,6951.544734440239,3866.6569808138534,15100.398403179917
76588.3190149016,13151.262424981429,3455.924339475955,3423.7965273008394
101492.27606136756,14585.020267178395,4603.966865641989,9397.959676380022
90197.44962022074,14529.959518311818,3328.7925673415675,6737.862576873351
102117.53621428387,16378.176979279608,3643.1898820399465,11668.174346033113
93877.58747551256,16516.227617320634,3662.274545382482,12643.910982139769
95549.45941345897,13738.092673991938,3711.3606948712977,10603.899045382384
84511.61445827803,12066.745855860348,2477.7820932684645,8881.29952365097
76461.6824919355,8936.542977568975,2302.805654993663,7656.383875806158
66683.33509001503,6346.604921155277,3335.339564460893,6619.584433921472
61860.029984820125,3824.413569849488,2673.281686334347,6493.8956788562145
44846.466016024446,4372.297756896963,3378.922965366056,8348.249033904594
42073.37405462737,5948.998347238335,3033.9988320757543,8516.892681924592
,9518.057625754149,2543.226397567987,8757.517486490964
,9596.219543366651,3478.879624151001,6643.282495541211
,8586.471197942745,2379.0001523001793,5006.90454326103
,8042.230978557058,1647.7322340331714,5816.952357798207
,8980.16945397804,3710.4272284498943,6516.575587418944
,10555.533637487237,1912.2562189726284,8642.28553945112
,8895.821221640432,3155.363871795352,8359.334270430583
,7989.838572918819,3055.726335926239,8023.019377443223
,5644.348470476184,2605.9484427003586,7177.703378858382
,4328.858792360133,2594.127785080737,6752.6113857894425
,4543.8692498759365,3229.206749823863,6658.104847310531
,4814.360297299583,3042.7577487857843,6693.749123353277
,7100.031396443315,2889.1068531043993,9529.344842284074
,7735.503326112531,3003.3191713294896,10027.859407329075
,6860.226892264214,3165.3505656190027,9207.082850224715
,6370.775794629379,2772.594713992616,7767.290431177287
,5244.047170043202,2133.1702987891786,6790.684744914292
,4123.41248788426,3172.064851845552,7135.147737522905
44023.04516645122,3949.666497550201,2202.0275598638286,7574.473587059886
42232.119751561455,2858.6889417236603,2349.7903244581007,9577.25321526548
34129.88196481158,2535.400710904658,2999.7568830715277,9741.505198702676
30862.24350604944,,2900.21318260424,8690.016221063397
28346.55693021614,2848.3480077043127,2909.4322028364836,8155.193856107597
16854.01933024406,2869.7991010051396,2603.1429199537893,6877.907167947436
20004.00216329503,3193.2326946662347,3679.4085776805873,6114.190993350769
25912.345880106157,4687.448958077748,,6767.980422141462
23462.25315992333,4952.844237728878,2572.608228410907,18658.657709974694
29399.412705361767,5650.959643163807,2529.041284696822,7494.829809822644
34487.943918084995,5364.573670803012,3198.7836808601915,14384.898123393545
41290.75433857845,4304.579295952457,2778.0691645313427,10656.85313264882
37279.822547781165,3313.657425719105,2639.9897453331955,
48061.2129591359,3188.840794214846,3791.8378430072607,10212.758394227858
42442.41078238678,2431.5975920779224,3019.3098787793874,11437.401619389775
45825.01341368074,2067.1190899369776,3343.7589672549766,15514.370014301774
33115.02493247843,4101.6111776781545,3406.501590180051,14860.285243397675
38349.17789436409,3312.564859756856,4140.679613908703,16026.303559359823
45628.36461645992,4645.055851222363,3591.65496508994,12539.769110304802
39248.10065436722,4622.150632340183,3374.625418862535,11546.731576160493
54189.289095221524,4601.706541346436,4778.701266025753,8947.293679950548
40620.844761371765,4130.128325776878,3400.48666945908,20030.548447195226
,3511.759620060953,3323.518337807833,19913.66807776745
,3455.5635385118158,4150.831175913389,19700.09365399128
,3097.1317515078804,4507.609475618887,17872.670880940885
,761.7188930647444,4077.8835419133443,20078.147868997163
,1036.7282369457046,4217.523491107042,9848.428503113508
,2351.744151865285,6540.758836362436,15158.81959112946
,2257.2752332476603,3491.6591589440086,19783.360417548138
,2871.96422432715,7837.776432919372,22523.454834506563
,3717.409508901199,4816.0969391191775,22315.914422190468
,2796.634319337679,3579.4470058549896,17446.113469059266
,2909.376251877566,7508.480559911408,7587.452523174808
,1870.6918293391125,3251.6743467190886,10985.730556971335
,2034.488115962607,7778.881380655638,10996.401927864998
,1247.238634352649,10835.213574115012,8479.575595772785
,1823.2440888512783,7794.682644895337,24929.8389387463
,3085.5590883967766,8239.570994313162,20291.72812807465
,-4219.238948551825,9447.544649312416,21010.63518555855
,2748.959285612657,7332.285600000114,21305.67821906901
43103.37279247109,1288.6744480823206,7753.966626507879,11407.550382256717
56414.73784189949,2658.879924072934,10292.087169648948,15987.48638444867
56483.9651149896,1519.3358605454746,7689.545672649071,27935.259712372783
57560.232244039886,1854.4374076739318,8745.440611483491,30068.726940317487
53080.97392436827,2134.365684124452,8661.501211155839,24743.541637288232
58416.21973158585,2047.198342324766,7768.1236963749,20374.66335489431
45395.455418266356,1271.9786463499554,5412.933418360973,20608.99679648253
34726.668239506296,548.8855149357648,6862.585393154054,9455.473406526944
46483.82390726713,1443.59246871367,9914.255730043036,15457.112056534888
29140.237996864398,855.6860738812088,7173.392210728369,27159.71336655417
23280.368913327948,952.2368150674536,8283.930823346647,22622.65535033521
23371.282264803638,1667.7807319392361,8709.210965733095,31062.66149153997
22671.350301647773,2033.540889625232,8000.140675559191,22047.58160334925
25941.960113130226,,7300.881355913039,14734.138281088792
18441.571457521903,1399.1763060848255,5962.526546830537,18278.32668713413
31486.90791702772,1798.4996543450754,7749.842547218257,12556.02394040309
31366.73487968839,2262.582187231561,5942.542928421791,23561.87164432043
36048.18770206031,1470.9451912062439,,22804.278121603653
38460.80260890228,1579.8173606070184,9242.919371124035,20229.494820215426
39909.86299503248,1386.958348483069,8401.31611060197,14671.928813748633
41892.877940328224,872.7691198096991,6493.619194910893,16621.74783952061
30278.6252348102,653.8083587696957,5992.30111796478,12958.966939111397
,1075.6793184621952,10483.0824912711,
,1506.0487427739774,6328.541430437206,19396.87180367289
,1628.6769995563568,8073.630950889267,19220.745279204835
,2039.451924754592,7701.788547096165,17204.600049606517
,1980.9443943328301,7512.8559580645715,15104.11316379241
,1631.9046685942678,5897.605844477993,14232.410552369209
,1214.5009080887912,4494.173304517903,8456.544142157833
,1442.609990205349,7505.599950412651,8638.512534004058
,1134.8010241484833,4637.484075883049,17628.999391325084
,689.072419886091,6278.761219886593,4703.938239293892
,1064.369542154872,5777.3444937618115,14024.42302508198
,912.181827968601,6796.813727523031,8723.633680435094
,1241.836655491907,4764.379838847992,7603.4167339853175
,1521.4304291065866,4456.001257626021,7569.217810412782
,1852.9956441340332,5847.4225242499415,5591.204843203595
,-2379.742632692597,2950.102969587725,7824.692047709538
,2072.8839748407586,3879.2999402975315,9958.318476725894
,2282.933335707131,3970.603346265204,9249.84476616337
17833.81109899683,1821.1328091603175,4063.860194912275,7355.528489277852
19409.177679898854,1488.2747609066273,3242.2994677849074,6509.6771260944715
15835.93237039086,1143.9661326287442,2818.298098843803,5303.731796882984
21648.44229828505,1263.5553599361729,1905.26690611594,3844.722085884453
16928.402043732705,872.6642768983278,3867.941754437299,3889.4437002393233
12023.327955872875,1830.0444442805544,2002.27547867376,4384.161613156563
15180.575845329084,2310.8769834272925,4056.570437806448,5832.1904744734875
13662.144637966334,3112.369325937605,2903.6599694648608,5726.777773009791
13097.07662943785,2617.0484448067928,2655.114399668709,4539.606620590354
14049.151772729541,2809.736251790669,2251.551084092469,3267.5737530457927
8928.42695886802,3041.9688697407287,2877.2432960076594,3074.021508739073
15720.627828934936,2326.978307359548,1359.2093453685227,3191.824943752297
8392.928898800916,2422.392399004761,1723.8408220917456,3907.694077788657
9887.971536185098,2246.803137773949,1904.0367099571465,2933.297272340806
9399.560025158058,2586.072790497903,1899.27309547684,2840.253574603455
9473.137315929453,2039.2863222007736,1346.4477717914938,2551.756557530513
1483.5742405758954,2008.5952105712845,1445.7609057118668,2159.7576434757743
9146.229992245064,3052.2536969365588,1801.2802340252067,1881.1788227445813
4254.098610011213,4105.6135200801755,1133.2038503614929,2264.329065499648
7593.135219063888,5898.8949781551855,1353.5724080028194,3229.3337270149377
1593.365835854791,5958.794529191953,1148.0322592158334,2530.573552639036
13088.964242503145,6635.541299306696,1081.3128911647216,2277.92746923718
,6162.814897626143,993.6101042117168,1664.1274824904365
,,929.7666491545784,1361.9022636244745
,5614.203937305068,1317.5866089181627,1072.4731384230536
,4320.828514302397,894.7825066874533,1058.5620274095643
,3692.932987998275,1062.1260489403417,1172.773465612068
,4220.087956212155,,999.3721360406712
,6443.811188292944,922.491385575934,954.4661136926088
,7697.878056207677,812.9223316609897,817.3612183728357
,8019.258576349765,634.8690556946677,588.0826619853963
,9692.709680584258,989.9532506341884,553.0722117260862
,9611.13426598174,495.7673563153169,
,12166.09425434843,652.7179453903168,994.5381575739533
,11182.697051061556,608.9212584727555,555.5430318214403
,8197.088748260056,515.3084801565998,758.090496196634
,8680.976564201263,462.5689466801078,547.8288952325415
,3058.4080602101794,365.218716372883,449.6684466281489
,9688.234693309092,902.594222372924,491.3374415625159
,7626.338579553303,531.2055687536198,562.4396394182603
6087.452908944847,15204.962931053118,621.4631081530027,719.2725379896698
-225.5844682932052,19991.13313794731,225.13578774161041,710.7291649878932
15397.114604557117,21445.649551430663,757.2819288171829,667.5563817952169
1253.4860519406955,20271.586543925896,273.24861583710333,451.59434922866404
10116.771386567252,20121.824117716522,207.443541802294,492.4328759677358
7761.481146373935,22799.0761625412,752.9503080616382,533.7940657706524
14052.051050987593,22058.19390164496,255.04770542072285,699.549427448942
18357.78370943309,21457.99154628554,549.3115961582782,877.0803931933083
8206.396908622894,16859.393556548097,593.9421508262449,770.0977958633464
33067.721767322284,17009.304051418207,547.7838549234741,841.5587973708725
9810.389927000837,11276.943976165927,342.33562229882165,754.278196778916
12568.893089373489,19826.210852383258,292.35681524837935,725.473347264089
25688.037846865536,27266.68877249464,514.4903752674352,795.4579508747281
18226.681533411298,30526.544480400116,315.00892484545506,1003.2427091451784
35237.20750301933,34842.3651047006,360.75360314525017,1566.6051734860566
12870.999337307168,37634.92648204012,371.5894249184365,1406.5896863795533
50068.670403385775,36618.43034035727,381.7833671414946,1496.3771562775394
14310.791485997646,35282.731852167584,270.981537568218,1266.2869878024658
27214.970624914902,25358.676275932325,225.78594574197209,1289.7900141064029
44188.305941220664,14136.59384544733,580.0574051935814,1197.7983872936184
25548.147626952607,17814.662852471007,283.89912033926583,1651.0396099621066
19289.85390779409,16708.644700018926,502.8028367451167,1521.929753180152
,17814.45921332463,394.3003239407717,1846.5138011865447
,20643.505802997726,614.864724356619,1707.876430387009
,22168.987050088388,464.043637147984,1584.9705939521182
,23341.798611386163,305.3870576809508,1193.7328545300072
,21129.499359959933,894.0031832427907,1667.0564495261033
,19926.678144386176,324.5223910713753,2060.390701751366
,21094.46738707652,580.3452155042528,2642.0595240019306
,23582.08314755713,829.7203455516907,2305.296544141527
,19140.764789748653,909.6244491356464,2404.1835774208207
,14067.17500593288,431.1608001222663,2023.5622201801918
,11896.336778340752,461.2318284708278,2057.720289481881
,,322.8946208812341,2012.3349402929384
,13106.762849056226,2004.8233222617225,2551.167975782913
,21606.22700748955,617.9823537602027,3285.241738924737
,22579.02898186368,1326.5196133115492,3381.2563592497554
,24595.31470251621,,3308.6819600090985
,22442.44821758968,1111.0619443871187,2796.214653982462
,22212.451637029062,656.2427343792381,2590.007650579298
145963.78215969302,18762.744409983752,2831.5266717936597,3112.4049489666218
66481.14139643835,12768.34821281483,801.2505877983278,3568.805237916552
90202.96774509196,13100.606610401026,1633.7921877683625,
49011.69416858593,13123.232384194202,2042.2418047322242,4686.208960454971
156414.60158835474,12880.299330536067,2401.2388502897993,5010.788688002075
5260.801514205057,12584.640250812154,1216.3202036552084,4550.453450210608
-3333.234752593831,14144.081066296336,1003.5421281875397,4128.573234814534
136417.9269498909,19909.312626424417,3862.1010359651395,4021.992316669493
39468.649143526236,20598.2818790548,1299.483243280517,5441.219713249507
65853.48655824526,28217.688055931103,1844.5680216617745,8466.332974408126
47975.612647737275,30270.7400752618,2316.7132894741158,7735.820019293882
138605.92031520978,29748.351976594888,2960.467483403142,8202.513857210955
93320.84526665173,23732.36125311567,1095.8264802230287,8000.076042590341
87546.40187965111,22769.59996081312,1155.2969098805431,7829.584988132918
172298.2060606144,19459.015987137536,5434.951484051967,7054.3543225435815
95726.30796238057,13087.169724380916,2053.771516557709,12939.28795363196
130693.59899773625,12662.358092092478,3122.4005303702534,9267.252995479972
79699.89572650172,23469.77215009999,3142.723103124564,12183.178569159863
161438.117705634,26892.665845693668,3972.756686775614,5028.389623500096
106324.6261652557,25397.424723740885,2680.4737622688,7333.3447791394665
98553.36796446402,29777.24511003846,1953.5880805443594,7194.985638860182
184337.61652370548,23990.59621540044,5990.975725394929,6876.215918163514
,27004.77976220896,1962.0498240831878,16541.122770789952
,24530.595826106673,2714.109019756696,10041.45659659091
,20476.78740159685,3115.0449185747357,14261.134514161253
,19745.053176710717,3974.840579472741,5307.312783447218
,11318.090968376197,1777.0511213718548,11227.5179611519
,11381.10118324996,2157.1923257310696,8890.592588874966
,19140.0322869757,1213.056943288664,6946.999390283271
,20960.12478096345,8413.114484417592,19158.740016898893
,27217.615159122357,2022.7320898120456,4506.249751358225
,29850.74408230264,3773.0881915966747,23555.736428595123
,31177.06125801112,5358.623787122441,3540.8363729159605
,23919.113883330054,1797.4127868364535,11260.046165475118
,23943.447206359084,2406.692529978828,6899.899668943735
,24897.15766669076,8782.459293487856,7489.075452699253
,18711.05221752328,3989.494850743185,8438.96013150492
,18115.59678675432,4436.6548063948385,10797.794274695916
,10879.283442568525,4709.012066668207,10097.691734449128
,13757.97676312054,5599.862452225581,9989.999901548254
59426.25891829058,17973.198505522727,2521.8422491436068,7790.910708664466
60481.38847235088,20810.50253656488,2269.396060387694,6224.149806600013
139052.59918510212,29451.793049359967,7648.615760509842,6175.175659441891
69235.31144993074,,3022.899896864992,7335.934086319588
125141.52308511385,27141.032427320904,4020.3146500658777,10689.032683284537
76455.02815833109,27603.08174284724,4308.424997369548,9239.070912490724
126266.17586022515,25142.073332668057,4856.756429992345,8733.231074041698
61764.325299619246,15593.270823681192,,7023.6054812092525
47625.406532763074,13978.048982739563,613.9859930455227,7303.074473719355
123090.5370857514,15003.532888883728,10953.665618620493,6234.479448727433
38442.9910455137,11908.805534491352,2965.619710062841,7632.226048923767
38652.55764562888,15410.485543867051,4300.366046370724,10219.898968458465
28682.209102181983,21060.08393166105,3608.964933075833,
90537.44664827664,24896.17343389549,5537.179871110082,9116.734211600888
14398.44037315188,23094.05555699204,2818.8670623615885,6593.789534837284
22422.283590477313,24773.760859632013,1309.6580347828826,5675.820168093364
91824.92207738671,29530.516727044487,7020.252231112019,6167.779279143309
36724.339412253044,26689.716300211992,1624.4364243833375,8061.423718590394
85315.51782665914,29474.88531279136,3351.9353532104283,9896.8434788712
55020.041765079455,26815.752859125736,4100.320192179021,9483.984343013532
91304.22733279881,18390.33546032349,4195.860385028637,8885.466790277631
53758.07521270443,19396.243312392227,1860.4844593052344,7582.4552695053735
63010.390043530686,10817.289733020241,2526.024487666391,7032.344721209487
73293.31616197468,25858.36684349685,1128.4718875394435,6528.943551578907
50412.199929279974,27450.76620100749,6561.976168546251,8226.147736751253
81476.74648614156,33180.41054092316,1882.749295931688,11353.943620823056
51302.46426576912,36927.44469873903,3336.827136332335,10823.244290091783
85657.1053936852,36290.344568308334,4008.8807848615497,11451.529871318546
55523.109094009524,32953.01016453899,2151.6749260645747,9081.560806661062
48694.90476497252,30794.81320088687,1011.2041816937492,11700.38955045101
79751.95873353751,28767.097842540254,4792.279552267332,9720.329850931596
38432.27056013278,16437.485143540172,1922.5808852267667,19446.53243495184
40806.01664139664,16953.613705178977,2503.6643589645128,14657.354567219258
29307.95875182946,20266.96244783887,2822.027960413641,14868.823258392684
61112.36574973753,22636.19979751412,2810.093954412213,14469.521028154631
10437.381518298467,26012.26443430977,2048.4641402895318,5579.808753448142
-1962.6097744086248,26393.04607294453,1730.5451247684375,12224.73957949593
71877.07202565396,28150.31455578504,3067.3738551579304,9338.197389528734
8213.557407235028,37134.95091682804,1265.7809233707346,26108.314556359037
54598.09785219472,37211.94715470225,1910.6772772941254,28203.632610052515
30813.393423044883,31169.327260557406,2230.538735216094,14807.461944170776
65258.318760635506,32999.25715554967,2474.6331590729524,34064.69746296314
52443.937060074626,27992.131179004155,1645.3357275775415,19560.00779002593
43531.17635189228,20964.837494873653,1518.2441779178796,12300.159364648147
85554.15152927172,19101.898145258485,3232.6326806453694,18472.20859945269
42119.87928349597,9298.46390797162,1680.2901705378235,25256.644745223144
